path,title,draft,date,section,folder,categories,tags,permalink,live_status,aliases
content/clubhouse/會所工作日誌/01工作一個月/index.md,會所工作日誌01_工作一個月,False,2025-08-29,clubhouse,會所工作日誌,助人工作,會所工作日誌 | 會所模式,https://listenriver.com/clubhouse/會所工作日誌/01工作一個月/,200,
content/clubhouse/會所工作日誌/02緊握垃圾的力道/index.md,會所工作日誌02_緊握垃圾的力道,False,2025-09-10,clubhouse,會所工作日誌,助人工作,會所工作日誌 | 會所模式,https://listenriver.com/clubhouse/會所工作日誌/02緊握垃圾的力道/,200,
content/clubhouse/會所工作日誌/03回顧會員F來會所的學習/index.md,會所工作日誌03_回顧會員F來會所的學習,False,2025-09-11,clubhouse,會所工作日誌,助人工作,會所模式 | 會所工作日誌,https://listenriver.com/clubhouse/會所工作日誌/03回顧會員f來會所的學習/,200,
content/clubhouse/會所工作日誌/04就業前準備/index.md,會所工作日誌04_就業前準備,False,2025-09-16,clubhouse,會所工作日誌,助人工作,會所工作日誌 | 會所模式,https://listenriver.com/clubhouse/會所工作日誌/04就業前準備/,200,
content/clubhouse/會所工作日誌/05兩週就業訓練反思/index.md,會所工作日誌05_就業訓練反思,False,2025-09-26,clubhouse,會所工作日誌,助人工作,會所模式 | 會所工作日誌,https://listenriver.com/clubhouse/會所工作日誌/05兩週就業訓練反思/,200,
content/clubhouse/會所工作日誌/06複雜用藥下改變如何發生/index.md,會所工作日誌06_複雜用藥下，改變如何發生??,False,2025-10-01,clubhouse,會所工作日誌,助人工作,會所模式 | 會所工作日誌,https://listenriver.com/clubhouse/會所工作日誌/06複雜用藥下改變如何發生/,200,
content/clubhouse/會所工作日誌/07白板溝通/index.md,會所工作日誌07_白板溝通,False,2025-10-22,clubhouse,會所工作日誌,助人工作,會所模式 | 會所工作日誌,https://listenriver.com/clubhouse/會所工作日誌/07白板溝通/,200,
content/clubhouse/會所工作日誌/08推動會員帶開會與導覽部門/index.md,會所工作日誌08_推動會員帶開會與導覽部門,False,2025-11-11,clubhouse,會所工作日誌,助人工作,會所模式 | 會所工作日誌,https://listenriver.com/clubhouse/會所工作日誌/08推動會員帶開會與導覽部門/,200,
content/clubhouse/會所工作日誌/09不敢說借過的會員/index.md,會所工作日誌09_不敢說借過的會員,False,2025-11-18,clubhouse,會所工作日誌,助人工作,會所模式 | 會所工作日誌,https://listenriver.com/clubhouse/會所工作日誌/09不敢說借過的會員/,200,
content/clubhouse/會所工作日誌/10料理是行動、是對話/index.md,會所工作日誌10_料理是行動、是對話,False,2026-02-13,clubhouse,會所工作日誌,助人工作,會所模式 | 會所工作日誌,https://listenriver.com/clubhouse/會所工作日誌/10料理是行動是對話/,200,
content/clubhouse/會所工作日誌/11敘事的見證/index.md,會所工作日誌11_敘事的見證,False,2026-03-04,clubhouse,會所工作日誌,助人工作,會所模式 | 會所工作日誌,https://listenriver.com/clubhouse/會所工作日誌/11敘事的見證/,200,
content/clubhouse/會所工作日誌/12餐飲部當然不只是料理/index.md,會所工作日誌12_餐飲部當然不只是料理,False,2026-03-09,clubhouse,會所工作日誌,助人工作,會所模式 | 會所工作日誌,https://listenriver.com/clubhouse/會所工作日誌/12餐飲部當然不只是料理/,200,
content/clubhouse/會所工作日誌/13初次社區宣導/index.md,會所工作日誌13_初次社區宣導,False,2026-03-22,clubhouse,會所工作日誌,助人工作,會所模式 | 會所工作日誌,https://listenriver.com/clubhouse/會所工作日誌/13初次社區宣導/,200,
content/clubhouse/會所工作日誌/14強迫症的意義/index.md,會所工作日誌14_強迫症、重複檢查的意義、安全感,False,2026-04-02,clubhouse,會所工作日誌,助人工作,會所模式 | 會所工作日誌,https://listenriver.com/clubhouse/會所工作日誌/14強迫症的意義/,200,
content/clubhouse/會所工作日誌/15認真回應會員動力/index.md,會所工作日誌15_認真回應會員動力,False,2026-04-08,clubhouse,會所工作日誌,助人工作,會所模式 | 會所工作日誌,https://listenriver.com/clubhouse/會所工作日誌/15認真回應會員動力/,200,
content/clubhouse/會所工作日誌/16你想要什麼樣的支持/index.md,會所工作日誌16_你想要什麼樣的支持,False,2026-04-16,clubhouse,會所工作日誌,助人工作,會所模式 | 會所工作日誌,https://listenriver.com/clubhouse/會所工作日誌/16你想要什麼樣的支持/,200,
content/clubhouse/會所工作日誌/17將言語視為符號/index.md,會所工作手冊,False,2026-05-08,clubhouse,會所工作日誌,助人工作,會所模式 | 會所工作日誌,https://listenriver.com/clubhouse/會所工作日誌/17將言語視為符號/,200,
content/clubhouse/會所工作日誌/18保持真誠好奇/index.md,會所工作日誌18_保持真誠好奇、找出盲點、默默推進,False,2026-05-15,clubhouse,會所工作日誌,助人工作,會所模式 | 會所工作日誌,https://listenriver.com/clubhouse/會所工作日誌/18保持真誠好奇/,200,
content/clubhouse/會所工作日誌/19身心狀態留下的痕跡/index.md,會所工作日誌19_身心狀態留下的痕跡,False,2026-07-23,clubhouse,會所工作日誌,助人工作,會所模式 | 會所工作日誌,https://listenriver.com/clubhouse/會所工作日誌/19身心狀態留下的痕跡/,200,
content/clubhouse/會所工作手冊/01慾望、驅力、動力/index.md,會所工作手冊01_慾望、驅力、動力,False,2023-03-25 12:07:47+08:00,clubhouse,會所工作手冊,助人工作,會所工作手冊 | 會所模式,https://listenriver.com/clubhouse/會所工作手冊/01慾望驅力動力/,200,
content/clubhouse/會所工作手冊/02為自己做決定即是成為自己/index.md,會所工作手冊02_為自己做決定即是成為自己,False,2023-05-27 12:07:47+08:00,clubhouse,會所工作手冊,助人工作,會所工作手冊 | 會所模式 | 成為一個人,https://listenriver.com/clubhouse/會所工作手冊/02為自己做決定即是成為自己/,200,
content/clubhouse/會所工作手冊/03負面教材/index.md,會所工作手冊03_負面教材,True,2026-04-25,clubhouse,會所工作手冊,助人工作,會所工作手冊 | 會所模式,https://listenriver.com/clubhouse/會所工作手冊/03負面教材/,draft,
content/clubhouse/會所工作手冊/04以靜制動/index.md,會所工作手冊04_以靜制動,False,2026-05-23,clubhouse,會所工作手冊,助人工作,會所工作手冊 | 會所模式,https://listenriver.com/clubhouse/會所工作手冊/04以靜制動/,200,
content/clubhouse/會所工作手冊/05忍不住、氣不過、沉住氣/index.md,會所工作手冊05_沉住氣的重要,False,2026-08-19,clubhouse,會所工作手冊,助人工作,會所工作手冊 | 會所模式,https://listenriver.com/clubhouse/會所工作手冊/05忍不住氣不過沉住氣/,200,
content/clubhouse/會所實習/01初入會所的觀察/index.md,會所實習01_初入會所的觀察,False,2023-03-14 12:07:47+08:00,clubhouse,會所實習,助人工作,會所實習 | 會所模式,https://listenriver.com/clubhouse/會所實習/01初入會所的觀察/,200,
content/clubhouse/會所實習/02幻聽與疼痛是不可見的受苦/index.md,會所實習02_幻聽與疼痛是不可見的受苦,False,2023-05-16 12:07:47+08:00,clubhouse,會所實習,助人工作,會所實習 | 會所模式,https://listenriver.com/clubhouse/會所實習/02幻聽與疼痛是不可見的受苦/,200,
content/clubhouse/會所實習/03期中實習結束/index.md,會所實習03_期中實習結束,False,2023-07-05 12:07:47+08:00,clubhouse,會所實習,助人工作,會所實習 | 會所模式,https://listenriver.com/clubhouse/會所實習/03期中實習結束/,200,
content/clubhouse/會所實習/04承認無知、真誠表達與夥伴關係/index.md,會所實習04_承認無知、真誠表達與夥伴關係,False,2023-07-14 12:07:47+08:00,clubhouse,會所實習,助人工作,會所模式 | 會所實習,https://listenriver.com/clubhouse/會所實習/04承認無知真誠表達與夥伴關係/,200,
content/clubhouse/會所實習/05與會員H訂計畫/index.md,會所實習05_與會員H訂計畫,False,2023-07-16 12:07:47+08:00,clubhouse,會所實習,助人工作,會所實習 | 會所模式,https://listenriver.com/clubhouse/會所實習/05與會員h訂計畫/,200,
content/clubhouse/會所實習/06如實/index.md,會所實習06_如實,False,2023-07-24 12:07:47+08:00,clubhouse,會所實習,助人工作,會所實習 | 會所模式 | 成為一個人,https://listenriver.com/clubhouse/會所實習/06如實/,200,
content/clubhouse/會所實習/07實習總報告/index.md,會所實習07_實習總報告,False,2023-09-01 12:07:47+08:00,clubhouse,會所實習,助人工作,會所實習 | 會所模式,https://listenriver.com/clubhouse/會所實習/07實習總報告/,200,
content/blog/電影心得/AV帝王/index.md,《AV帝王》：一個自我實現的故事,False,2021-07-20 10:07:47+08:00,blog,電影心得,閱讀與筆記,電影心得 | 電影,https://listenriver.com/blog/電影心得/av帝王/,200,
content/blog/電影心得/你我的解放相同/index.md,《令人討厭的松子的一生》＆《綠洲》｜電影心得,False,2022-09-04 10:07:47+08:00,blog,電影心得,閱讀與筆記,電影心得 | 電影,https://listenriver.com/blog/電影心得/你我的解放相同/,200,/blog/電影心得/令人討厭的松子的一生綠洲/
content/blog/電影心得/創傷的智慧/index.md,《創傷的智慧The Wisdom of Trauma》,False,2021-07-30 10:07:47+08:00,blog,電影心得,閱讀與筆記,電影心得 | 創傷知情 | 電影,https://listenriver.com/blog/電影心得/創傷的智慧/,200,
content/blog/電影心得/千年女優/index.md,《千年女優》,False,2020-08-23 10:07:47+08:00,blog,電影心得,閱讀與筆記,電影心得 | 電影,https://listenriver.com/blog/電影心得/千年女優/,200,/blog/電影心得/千年女優觀後感/
content/blog/電影心得/午夜福音E1/index.md,《午夜福音》E1：純粹的意識,False,2022-05-30 10:07:47+08:00,blog,電影心得,閱讀與筆記,電影心得 | 午夜福音 | 正念的河流 | 電影,https://listenriver.com/blog/電影心得/午夜福音e1/,200,
content/blog/電影心得/午夜福音E3/index.md,《午夜福音》E3,False,2022-08-05 10:07:47+08:00,blog,電影心得,閱讀與筆記,電影心得 | 午夜福音 | 正念的河流 | 電影,https://listenriver.com/blog/電影心得/午夜福音e3/,200,
content/blog/電影心得/午夜福音E4/index.md,《午夜福音》E4:聆聽是一種呼吸,False,2020-09-17,blog,電影心得,閱讀與筆記,電影心得 | 午夜福音 | 正念的河流 | 電影,https://listenriver.com/blog/電影心得/午夜福音e4/,200,
content/blog/電影心得/午夜福音E5/index.md,《午夜福音》E5,False,2022-10-05,blog,電影心得,閱讀與筆記,電影心得 | 午夜福音 | 電影,https://listenriver.com/blog/電影心得/午夜福音e5/,200,
content/blog/電影心得/午夜福音E6/index.md,《午夜福音》EP6,False,2022-11-24 10:07:47+08:00,blog,電影心得,閱讀與筆記,電影心得 | 午夜福音 | 電影,https://listenriver.com/blog/電影心得/午夜福音e6/,200,
content/blog/電影心得/嘻哈是化痛苦為力量反擊的語言/index.md,《Rhythm+Flow》：嘻哈是化痛苦為力量反擊的語言,False,2021-08-01 10:07:47+08:00,blog,電影心得,閱讀與筆記,電影心得 | 電影,https://listenriver.com/blog/電影心得/嘻哈是化痛苦為力量反擊的語言/,200,/blog/電影心得/rhythm-+-flow/
content/blog/電影心得/夏日大作戰/index.md,《夏日大作戰》｜電影心得,False,2026-04-18,blog,電影心得,閱讀與筆記,電影心得,https://listenriver.com/blog/電影心得/夏日大作戰/,200,
content/blog/電影心得/妄想代理人/index.md,《妄想代理人》：受苦與幻想相應而生,False,2021-01-13 10:07:47+08:00,blog,電影心得,閱讀與筆記,電影心得 | 電影,https://listenriver.com/blog/電影心得/妄想代理人/,200,
content/blog/電影心得/媽的多重宇宙01/index.md,《媽的多重宇宙 EEAAO》01,False,2022-05-19 11:07:49+08:00,blog,電影心得,閱讀與筆記,電影心得 | 媽的多重宇宙 | 電影,https://listenriver.com/blog/電影心得/媽的多重宇宙01/,200,/blog/電影心得/eeaao/
content/blog/電影心得/媽的多重宇宙02/index.md,《媽的多重宇宙》：無常的意義是無限可能；縱身躍下便是愛,False,2022-06-05 11:07:49+08:00,blog,電影心得,閱讀與筆記,電影心得 | 媽的多重宇宙 | 電影,https://listenriver.com/blog/電影心得/媽的多重宇宙02/,200,/blog/電影心得/eeaao2/
content/blog/電影心得/性愛自修室/index.md,《性愛自修室 Sex Education》,False,2021-09-27 10:07:47+08:00,blog,電影心得,閱讀與筆記,電影心得 | 電影,https://listenriver.com/blog/電影心得/性愛自修室/,200,
content/blog/電影心得/橫山家之味/index.md,《橫山家之味 Still Walking》,False,2021-07-28 10:07:47+08:00,blog,電影心得,閱讀與筆記,電影心得 | 是枝裕和 | 電影,https://listenriver.com/blog/電影心得/橫山家之味/,200,
content/blog/電影心得/母子情劫/index.md,《母子情劫》：愛媽媽難道是很糟糕的事嗎？,False,2021-07-08 10:07:47+08:00,blog,電影心得,閱讀與筆記,電影心得 | 電影,https://listenriver.com/blog/電影心得/母子情劫/,200,
content/blog/電影心得/比海還深/index.md,《比海還深》：失敗男性背後的溫柔,False,2021-08-19 10:07:47+08:00,blog,電影心得,閱讀與筆記,電影心得 | 是枝裕和 | 電影,https://listenriver.com/blog/電影心得/比海還深/,200,
content/blog/電影心得/河畔小日子/index.md,《河畔小日子》｜電影心得,False,2022-11-02 10:07:47+08:00,blog,電影心得,閱讀與筆記,電影心得 | 電影,https://listenriver.com/blog/電影心得/河畔小日子/,200,
content/blog/電影心得/流麻溝十五號/index.md,《流麻溝十五號》,False,2022-11-29 10:07:47+08:00,blog,電影心得,閱讀與筆記,電影心得 | 電影,https://listenriver.com/blog/電影心得/流麻溝十五號/,200,
content/blog/電影心得/無人知曉的夏日清晨/index.md,《無人知曉的夏日清晨 Nobody knows》,False,2021-07-29 10:07:47+08:00,blog,電影心得,閱讀與筆記,電影心得 | 是枝裕和 | 電影,https://listenriver.com/blog/電影心得/無人知曉的夏日清晨/,200,
content/blog/電影心得/無人能怪罪才是最痛苦的/index.md,《橫山家之味》:無人能怪罪才是最痛苦的,False,2021-09-19 10:07:47+08:00,blog,電影心得,閱讀與筆記,電影心得 | 是枝裕和 | 電影,https://listenriver.com/blog/電影心得/無人能怪罪才是最痛苦的/,200,
content/blog/電影心得/無恥之徒/index.md,美劇《無恥之徒 Shameless》心得：人人都是無恥之徒,False,2025-02-15,blog,電影心得,閱讀與筆記,電影心得 | 無恥之徒 | Shamless | 電影,https://listenriver.com/blog/電影心得/無恥之徒/,200,/blog/電影心得/美劇無恥之徒-shameless觀後感人人都是無恥之徒/
content/blog/電影心得/瑪莉娜的512小時/index.md,《瑪莉娜的512小時》,False,2022-04-26 10:07:47+08:00,blog,電影心得,閱讀與筆記,電影心得 | 正念的河流 | 電影,https://listenriver.com/blog/電影心得/瑪莉娜的512小時/,200,
content/blog/電影心得/神隱少女/index.md,《神隱少女》｜電影心得,False,2022-09-08 10:07:47+08:00,blog,電影心得,閱讀與筆記,電影心得 | 電影,https://listenriver.com/blog/電影心得/神隱少女/,200,
content/blog/電影心得/紐約大國民珍雅各/index.md,《紐約大國民：珍雅各》Citizen Jane: Battle for the City,False,2020-06-20,blog,電影心得,閱讀與筆記,電影心得 | 電影,https://listenriver.com/blog/電影心得/紐約大國民珍雅各/,200,
content/blog/電影心得/綠洲/index.md,《綠洲》電影心得,False,2026-05-17,blog,電影心得,閱讀與筆記,電影心得,https://listenriver.com/blog/電影心得/綠洲/,200,
content/blog/電影心得/艾格妮撿風景01/index.md,《艾格妮撿風景 The Gleaner and I》01,False,2019-07-29 10:07:47+08:00,blog,電影心得,閱讀與筆記,電影心得 | 艾格妮撿風景 | 電影,https://listenriver.com/blog/電影心得/艾格妮撿風景01/,200,/blog/電影心得/艾格妮撿風景/
content/blog/電影心得/艾格妮撿風景02/index.md,《艾格妮撿風景 The Gleaner and I》02,False,2021-10-22 10:07:47+08:00,blog,電影心得,閱讀與筆記,電影心得 | 艾格妮撿風景 | 電影,https://listenriver.com/blog/電影心得/艾格妮撿風景02/,200,/blog/電影心得/艾格妮撿風景-the-gleaner-and-i/
content/blog/電影心得/范保德/index.md,《范保德》：所有未來的故事都隱藏在過去,False,2021-02-01 10:07:47+08:00,blog,電影心得,閱讀與筆記,電影心得 | 電影,https://listenriver.com/blog/電影心得/范保德/,200,/blog/范保德所有未來的故事都隱藏在過去裡/ | /blog/電影心得/范保德所有未來的故事都隱藏在過去裡/
content/blog/電影心得/鄰家兄弟/index.md,《鄰家兄弟 Paddleton》電影心得,False,2022-07-31 10:07:47+08:00,blog,電影心得,閱讀與筆記,電影心得 | 電影,https://listenriver.com/blog/電影心得/鄰家兄弟/,200,
content/blog/電影心得/阿鼻/index.md,《阿鼻》,False,2021-09-30 10:07:47+08:00,blog,電影心得,閱讀與筆記,電影,https://listenriver.com/blog/電影心得/阿鼻/,200,
content/blog/閱讀心得/修身與齊家/index.md,閱讀心得｜《修身與齊家》：誠者自成也,False,2022-09-30 11:07:48+08:00,blog,閱讀心得,閱讀與筆記,閱讀心得,https://listenriver.com/blog/閱讀心得/修身與齊家/,200,/blog/閱讀心得/修身與齊家/
content/blog/閱讀心得/凝視太陽/index.md,閱讀心得｜《凝視太陽》：死亡恐懼的背後是勇氣,False,2020-10-29 10:07:47+08:00,blog,閱讀心得,閱讀與筆記,閱讀心得,https://listenriver.com/blog/閱讀心得/凝視太陽/,200,/blog/閱讀心得/凝視太陽/
content/blog/閱讀心得/到達彼岸的智慧/index.md,閱讀心得｜一行禪師講《心經》：到達彼岸的智慧,False,2022-05-18 11:07:47+08:00,blog,閱讀心得,閱讀與筆記,閱讀心得 | 一行禪師 | 正念的河流,https://listenriver.com/blog/閱讀心得/到達彼岸的智慧/,200,/blog/閱讀心得/心經/
content/blog/閱讀心得/割腕的誘惑/index.md,閱讀心得｜《割腕的誘惑：停止自我傷害》,False,2022-08-03 11:08:47+08:00,blog,閱讀心得,閱讀與筆記,閱讀心得,https://listenriver.com/blog/閱讀心得/割腕的誘惑/,200,/blog/閱讀心得/割腕的誘惑停止自我傷害/ | /blog/閱讀心得/割腕的誘惑/
content/blog/閱讀心得/危殆生活/index.md,閱讀心得｜《危殆生活》：豐而危殆的連帶,False,2022-07-29 11:08:47+08:00,blog,閱讀心得,閱讀與筆記,閱讀心得,https://listenriver.com/blog/閱讀心得/危殆生活/,200,/blog/閱讀心得/危殆生活/
content/blog/閱讀心得/圖騰與禁忌/index.md,閱讀心得｜《圖騰與禁忌》,False,2020-06-18 10:07:47+08:00,blog,閱讀心得,閱讀與筆記,閱讀心得,https://listenriver.com/blog/閱讀心得/圖騰與禁忌/,200,/blog/閱讀心得/圖騰與禁忌/
content/blog/閱讀心得/失控的正向思考/index.md,閱讀心得｜《失控的正向思考》,False,2020-06-25 10:07:47+08:00,blog,閱讀心得,閱讀與筆記,閱讀心得,https://listenriver.com/blog/閱讀心得/失控的正向思考/,200,/blog/閱讀心得/失控的正向思考/
content/blog/閱讀心得/家庭會傷人/index.md,閱讀心得｜《家庭會傷人》：自我哀悼與自我解殖,False,2020-04-19 10:07:47+08:00,blog,閱讀心得,閱讀與筆記,閱讀心得 | 家族治療,https://listenriver.com/blog/閱讀心得/家庭會傷人/,200,/blog/閱讀心得/家庭會傷人自我哀悼與自我解殖/ | /blog/閱讀心得/家庭會傷人-自我哀悼與自我解殖/ | /blog/閱讀心得/家庭會傷人/
content/blog/閱讀心得/尋找復原力/index.md,閱讀心得｜《尋找復原力》：人有重新創造的能力,False,2022-01-19 10:07:47+08:00,blog,閱讀心得,閱讀與筆記,閱讀心得 | 創傷知情,https://listenriver.com/blog/閱讀心得/尋找復原力/,200,/blog/閱讀心得/尋找復原力/
content/blog/閱讀心得/成為一個人/index.md,閱讀心得｜《成為一個人》：人生是不斷解殖自己、成為自己的過程,False,2021-06-30 10:07:47+08:00,blog,閱讀心得,閱讀與筆記,閱讀心得 | 成為一個人,https://listenriver.com/blog/閱讀心得/成為一個人/,200,/blog/閱讀心得/成為一個人/ | /blog/成為一個人/閱讀心得成為一個人人生是不斷解殖自己成為自己的過程/
content/blog/閱讀心得/打從心底/index.md,閱讀心得｜《打從心底》,False,2022-03-14 11:07:47+08:00,blog,閱讀心得,閱讀與筆記,閱讀心得,https://listenriver.com/blog/閱讀心得/打從心底/,200,/blog/閱讀心得/打從心底/
content/blog/閱讀心得/找回家庭的療癒力/index.md,閱讀心得｜《找回家庭的療癒力：多世代家族治療》,False,2020-12-29 10:07:47+08:00,blog,閱讀心得,閱讀與筆記,閱讀心得 | 家族治療,https://listenriver.com/blog/閱讀心得/找回家庭的療癒力/,200,/blog/生活反思與心得/找回家庭的療癒力多世代家族治療/ | /blog/閱讀心得/找回家庭的療癒力-多世代家族治療/
content/blog/閱讀心得/擁抱陰影/index.md,閱讀心得｜《擁抱陰影》：從對立走向相對,False,2021-12-31 10:07:47+08:00,blog,閱讀心得,閱讀與筆記,閱讀心得,https://listenriver.com/blog/閱讀心得/擁抱陰影/,200,/blog/閱讀心得/擁抱陰影/
content/blog/閱讀心得/正念生活的藝術/index.md,閱讀心得｜《正念生活的藝術》,False,2022-05-05 11:07:47+08:00,blog,閱讀心得,閱讀與筆記,閱讀心得 | 一行禪師 | 正念的河流,https://listenriver.com/blog/閱讀心得/正念生活的藝術/,200,/blog/閱讀心得/正念生活的藝術/
content/blog/閱讀心得/水母與搖滾/index.md,閱讀心得｜《水母與搖滾—字花十年選詩歌卷》,False,2022-08-26 11:07:47+08:00,blog,閱讀心得,閱讀與筆記,閱讀心得,https://listenriver.com/blog/閱讀心得/水母與搖滾/,200,/blog/閱讀心得/水母與搖滾/
content/blog/閱讀心得/沒用的東西/index.md,閱讀心得｜《沒用的東西》,False,2022-10-16 11:08:47+08:00,blog,閱讀心得,閱讀與筆記,閱讀心得,https://listenriver.com/blog/閱讀心得/沒用的東西/,200,/blog/閱讀心得/沒用的東西/
content/blog/閱讀心得/為何建制民族誌如此強大/index.md,閱讀心得｜《為何建制民族誌如此強大》：從體制中解殖的方法,False,2021-09-16 10:07:47+08:00,blog,閱讀心得,閱讀與筆記,閱讀心得 | 建制民族誌,https://listenriver.com/blog/閱讀心得/為何建制民族誌如此強大/,200,/blog/閱讀心得/建制民族誌/
content/blog/閱讀心得/無痛思維/index.md,閱讀心得｜《無痛思維》,False,2022-08-13 11:08:47+08:00,blog,閱讀心得,閱讀與筆記,閱讀心得 | 聆聽疼痛,https://listenriver.com/blog/閱讀心得/無痛思維/,200,/blog/閱讀心得/無痛思維/
content/blog/閱讀心得/現象學十四講/index.md,閱讀心得｜《現象學十四講》,False,2022-02-08 10:08:47+08:00,blog,閱讀心得,閱讀與筆記,閱讀心得 | 現象學,https://listenriver.com/blog/閱讀心得/現象學十四講/,200,/blog/閱讀心得/現象學十四講/
content/blog/閱讀心得/病從所願/index.md,閱讀心得｜《病從所願》,False,2023-01-29 11:08:47+08:00,blog,閱讀心得,閱讀與筆記,閱讀心得,https://listenriver.com/blog/閱讀心得/病從所願/,200,/blog/閱讀心得/病從所願/
content/blog/閱讀心得/聆聽疼痛/index.md,閱讀心得｜《聆聽疼痛》,False,2023-02-17 11:08:47+08:00,blog,閱讀心得,閱讀與筆記,閱讀心得 | 聆聽疼痛,https://listenriver.com/blog/閱讀心得/聆聽疼痛/,200,/blog/閱讀心得/聆聽疼痛/
content/blog/閱讀心得/英雄之旅/index.md,閱讀心得｜《英雄之旅》：個體化找回自己的碎片,False,2021-07-22 10:07:47+08:00,blog,閱讀心得,閱讀與筆記,閱讀心得,https://listenriver.com/blog/閱讀心得/英雄之旅/,200,/blog/閱讀心得/英雄之旅/ | /blog/閱讀心得/閱讀心得英雄之旅個體化找回自己的碎片/
content/blog/閱讀心得/見佛殺佛/index.md,閱讀心得｜《見佛殺佛》,False,2022-05-19 11:07:48+08:00,blog,閱讀心得,閱讀與筆記,閱讀心得 | 一行禪師 | 正念的河流,https://listenriver.com/blog/閱讀心得/見佛殺佛/,200,/blog/閱讀心得/見佛殺佛/
content/blog/閱讀心得/討厭的人都跌倒吧/index.md,閱讀心得｜《討厭的人都跌倒吧》,False,2021-08-01 11:07:47+08:00,blog,閱讀心得,閱讀與筆記,閱讀心得,https://listenriver.com/blog/閱讀心得/討厭的人都跌倒吧/,200,/blog/閱讀心得/討厭的人都跌倒吧/
content/blog/閱讀心得/跟一棵樹聊天/index.md,閱讀心得｜《跟一棵樹聊天，聽他的人生哲學：溝通師的37堂植物療癒通心課》,False,2022-03-25 11:07:47+08:00,blog,閱讀心得,閱讀與筆記,閱讀心得,https://listenriver.com/blog/閱讀心得/跟一棵樹聊天/,200,/blog/閱讀心得/跟一棵樹聊天/
content/blog/閱讀心得/追逐尖叫/index.md,閱讀心得｜《追逐尖叫》：如果有人愛你，你就有了機會,False,2020-04-03 10:07:47+08:00,blog,閱讀心得,閱讀與筆記,閱讀心得,https://listenriver.com/blog/閱讀心得/追逐尖叫/,200,/blog/閱讀心得/追逐尖叫/
content/blog/閱讀心得/障礙政治/index.md,閱讀心得｜《障礙政治》,False,2023-11-10,blog,閱讀心得,閱讀與筆記,閱讀心得 | 障礙政治,https://listenriver.com/blog/閱讀心得/障礙政治/,200,
content/blog/開放式對話/人們用行動在對話/index.md,行動科學到開放式對話：人們用行動在對話,False,2023-04-29 12:07:47+08:00,blog,開放式對話,助人工作,開放式對話,https://listenriver.com/blog/開放式對話/人們用行動在對話/,200,/blog/開放式對話/行動科學到開放式對話人們用行動在對話/
content/blog/開放式對話/內在透明化/index.md,促進對話的方法：內在透明化,False,2023-05-12 12:07:47+08:00,blog,開放式對話,助人工作,開放式對話,https://listenriver.com/blog/開放式對話/內在透明化/,200,/blog/開放式對話/促進對話的方法內在透明化/
content/blog/開放式對話/對話本身就是行動/index.md,對話本身就是行動,False,2023-06-23 12:07:47+08:00,blog,開放式對話,助人工作,開放式對話,https://listenriver.com/blog/開放式對話/對話本身就是行動/,200,
content/blog/開放式對話/肯認每一種聲音的存在/index.md,開放式對話：肯認每一種聲音的存在,False,2020-11-24 10:07:47+08:00,blog,開放式對話,助人工作,開放式對話 | 講座心得,https://listenriver.com/blog/開放式對話/肯認每一種聲音的存在/,200,/blog/工作坊心得/開放式對話肯認每一種聲音的存在/ | /blog/生活反思與心得/開放式對話肯認每一種聲音的存在/ | /blog/開放式對話/開放式對話肯認每一種聲音的存在/
content/blog/開放式對話/課後筆記01/index.md,開放式對話（Open Dialogue）課後筆記Part1,False,2020-08-21,blog,開放式對話,助人工作,講座筆記 | 開放式對話,https://listenriver.com/blog/開放式對話/課後筆記01/,200,/blog/開放式對話/開放式對話_課後筆記part1/
content/blog/開放式對話/課後筆記02/index.md,開放式對話（Open Dialogue）課後筆記Part2,False,2020-08-22,blog,開放式對話,助人工作,開放式對話 | 講座筆記,https://listenriver.com/blog/開放式對話/課後筆記02/,200,/blog/開放式對話/開放式對話_課後筆記part2/
content/blog/開放式對話/進階工作坊01/index.md,開放式對話進階工作坊Day1,False,2020-11-14,blog,開放式對話,助人工作,開放式對話 | 講座筆記,https://listenriver.com/blog/開放式對話/進階工作坊01/,200,/blog/開放式對話/開放式對話進階工作坊_day1/
content/blog/開放式對話/進階工作坊02/index.md,開放式對話進階工作坊Day 2,False,2020-11-15,blog,開放式對話,助人工作,開放式對話 | 講座筆記,https://listenriver.com/blog/開放式對話/進階工作坊02/,200,/blog/開放式對話/開放式對話進階工作坊_day2/
content/blog/講座筆記/建制民族誌逐字稿整理/index.md,講座筆記｜2021政大質性研究工作坊：建制民族誌（王增勇老師）逐字稿整理,False,2021-10-31 10:07:47+08:00,blog,講座筆記,閱讀與筆記,講座筆記 | 建制民族誌 | 講座,https://listenriver.com/blog/講座筆記/建制民族誌逐字稿整理/,200,/blog/工作坊筆記/建制民族誌/ | /blog/講座筆記/講座筆記2021政大質性研究工作坊建制民族誌王增勇老師逐字稿整理/
content/blog/講座筆記/待人一條相互映照之路/index.md,待人：一條相互映照之路,False,2018-12-20 10:07:47+08:00,blog,講座筆記,閱讀與筆記,講座筆記 | 講座,https://listenriver.com/blog/講座筆記/待人一條相互映照之路/,200,/blog/講座筆記/20181220待人一條相互映之路/
content/blog/講座筆記/用音樂做運動/index.md,用音樂做運動,False,2019-03-03 10:07:47+08:00,blog,講座筆記,閱讀與筆記,講座筆記 | 講座,https://listenriver.com/blog/講座筆記/用音樂做運動/,200,/blog/講座筆記/20190303用音樂做運動/
content/blog/講座筆記/般若心經短講/index.md,紀金慶老師｜《般若心經》短講｜逐字稿,False,2021-12-21 10:07:47+08:00,blog,講座筆記,閱讀與筆記,講座筆記 | 講座,https://listenriver.com/blog/講座筆記/般若心經短講/,200,/blog/講座筆記/20211221般若心經短講/
content/blog/詩的語言/不是一個善於擁抱/我不是一個善於擁抱的人20231007.md,我不是一個善於擁抱的人,True,2023-10-07,blog,詩的語言,病痛經驗,詩的語言,https://listenriver.com/blog/詩的語言/不是一個善於擁抱/我不是一個善於擁抱的人20231007/,draft,
content/blog/詩的語言/保持距離/20230924.md,20230924,True,2023-09-24,blog,詩的語言,病痛經驗,詩的語言,https://listenriver.com/blog/詩的語言/保持距離/20230924/,draft,
content/blog/詩的語言/隨時保持靠海的距離很重要20210930/隨時保持靠海的距離很重要20210930.md,,True,2026-05-17,blog,詩的語言,病痛經驗,詩的語言,https://listenriver.com/blog/詩的語言/隨時保持靠海的距離很重要20210930/隨時保持靠海的距離很重要20210930/,draft,
content/blog/聆聽疼痛計畫/00撿拾疼痛的碎片/index.md,聆聽疼痛計畫｜撿拾疼痛的碎片,False,2023-09-24 12:07:47+08:00,blog,聆聽疼痛計畫,病痛經驗,聆聽疼痛計畫,https://listenriver.com/blog/聆聽疼痛計畫/00撿拾疼痛的碎片/,200,/blog/聆聽疼痛計畫/聆聽疼痛計畫撿拾疼痛的碎片/
content/blog/聆聽疼痛計畫/01近況分享/index.md,聆聽疼痛計畫｜近況分享,False,2022-11-14,blog,聆聽疼痛計畫,病痛經驗,聆聽疼痛計畫,https://listenriver.com/blog/聆聽疼痛計畫/01近況分享/,200,
content/blog/聆聽疼痛計畫/02成果發表/index.md,聆聽疼痛計畫｜成果發表,False,2023-09-25 12:07:47+08:00,blog,聆聽疼痛計畫,病痛經驗,聆聽疼痛計畫,https://listenriver.com/blog/聆聽疼痛計畫/02成果發表/,200,/blog/聆聽疼痛計畫/聆聽疼痛計畫成果發表/
content/blog/聆聽疼痛計畫/03僵直性脊椎炎/index.md,聆聽疼痛計畫｜僵直性脊椎炎,False,2023-09-26 12:07:47+08:00,blog,聆聽疼痛計畫,病痛經驗,聆聽疼痛計畫,https://listenriver.com/blog/聆聽疼痛計畫/03僵直性脊椎炎/,200,/blog/聆聽疼痛計畫/聆聽疼痛計畫僵直性脊椎炎/
content/blog/聆聽疼痛計畫/04未知疼痛/index.md,聆聽疼痛計畫｜未知疼痛,False,2023-09-27 12:07:47+08:00,blog,聆聽疼痛計畫,病痛經驗,聆聽疼痛計畫,https://listenriver.com/blog/聆聽疼痛計畫/04未知疼痛/,200,/blog/聆聽疼痛計畫/未知疼痛/
content/blog/聆聽疼痛計畫/05生理期疼痛/index.md,聆聽疼痛計畫｜生理期疼痛,False,2023-09-29 12:07:47+08:00,blog,聆聽疼痛計畫,病痛經驗,聆聽疼痛計畫,https://listenriver.com/blog/聆聽疼痛計畫/05生理期疼痛/,200,/blog/聆聽疼痛計畫/生理期疼痛/
content/blog/聆聽疼痛計畫/06貝西氏症/index.md,聆聽疼痛計畫｜貝西氏症,False,2023-09-30 12:07:47+08:00,blog,聆聽疼痛計畫,病痛經驗,聆聽疼痛計畫,https://listenriver.com/blog/聆聽疼痛計畫/06貝西氏症/,200,/blog/聆聽疼痛計畫/聆聽疼痛計畫貝西氏症/
content/blog/聆聽疼痛計畫/07腰部肌肉纖維化/index.md,聆聽疼痛計畫｜腰部肌肉纖維化,False,2023-10-01 12:07:47+08:00,blog,聆聽疼痛計畫,病痛經驗,聆聽疼痛計畫,https://listenriver.com/blog/聆聽疼痛計畫/07腰部肌肉纖維化/,200,/blog/聆聽疼痛計畫/聆聽疼痛計畫腰部肌肉纖維化/
content/blog/聆聽疼痛計畫/08胃痛/index.md,聆聽疼痛計畫｜胃痛,False,2023-10-02,blog,聆聽疼痛計畫,病痛經驗,聆聽疼痛計畫,https://listenriver.com/blog/聆聽疼痛計畫/08胃痛/,200,/blog/聆聽疼痛計畫/聆聽疼痛計畫胃痛/
content/blog/聆聽疼痛計畫/09腕隧道症候群/index.md,聆聽疼痛計畫｜腕隧道症候群,False,2023-10-03 12:07:47+08:00,blog,聆聽疼痛計畫,病痛經驗,聆聽疼痛計畫,https://listenriver.com/blog/聆聽疼痛計畫/09腕隧道症候群/,200,/blog/聆聽疼痛計畫/聆聽疼痛計畫腕隧道症候群/
content/blog/聆聽疼痛計畫/10心臟瓣膜疼痛/index.md,聆聽疼痛計畫｜心臟瓣膜疼痛,False,2023-09-28 12:07:47+08:00,blog,聆聽疼痛計畫,病痛經驗,聆聽疼痛計畫,https://listenriver.com/blog/聆聽疼痛計畫/10心臟瓣膜疼痛/,200,/blog/聆聽疼痛計畫/心臟瓣膜疼痛/
content/blog/聆聽疼痛計畫/11自傷疼痛/index.md,聆聽疼痛計畫｜自傷疼痛,False,2023-10-04 12:07:47+08:00,blog,聆聽疼痛計畫,病痛經驗,聆聽疼痛計畫,https://listenriver.com/blog/聆聽疼痛計畫/11自傷疼痛/,200,/blog/聆聽疼痛計畫/自傷疼痛/ | /blog/聆聽疼痛計畫/聆聽疼痛計畫自傷疼痛/
content/blog/素描/01盲畫/index.md,素描01：盲畫,False,2022-06-22 10:07:47+08:00,blog,素描,日常書寫,素描,https://listenriver.com/blog/素描/01盲畫/,200,/blog/素描/素描1/
content/blog/素描/02負形/index.md,素描02：負形,False,2022-07-01 10:07:47+08:00,blog,素描,日常書寫,素描,https://listenriver.com/blog/素描/02負形/,200,/blog/素描/素描2/
content/blog/素描/03繼續負形/index.md,素描03：Still負形,False,2022-07-06 10:07:47+08:00,blog,素描,日常書寫,素描 | 正念的河流,https://listenriver.com/blog/素描/03繼續負形/,200,/blog/素描/素描3/
content/blog/素描/04立體感是一種深度的錯覺/index.md,素描04：立體感是一種深度的錯覺,False,2022-07-13 10:07:47+08:00,blog,素描,日常書寫,素描,https://listenriver.com/blog/素描/04立體感是一種深度的錯覺/,200,/blog/素描/素描4/
content/blog/素描/05亮暗面、光影、色階/index.md,素描05：亮暗面、光影、色階,False,2022-07-21 10:07:47+08:00,blog,素描,日常書寫,素描,https://listenriver.com/blog/素描/05亮暗面光影色階/,200,/blog/素描/素描5/
content/blog/素描/06繼續光影、色階/index.md,素描06：Still光影、色階,False,2022-07-27 10:07:47+08:00,blog,素描,日常書寫,素描,https://listenriver.com/blog/素描/06繼續光影色階/,200,/blog/素描/素描6/
content/blog/素描/07形準、比例感、切圓術/index.md,素描07：形準、比例感、切圓術,False,2022-08-11 10:07:47+08:00,blog,素描,日常書寫,素描,https://listenriver.com/blog/素描/07形準比例感切圓術/,200,/blog/素描/素描7/
content/blog/素描/08透視、塞尚、矩形/index.md,素描08：透視、塞尚、矩形,False,2022-08-17 10:07:47+08:00,blog,素描,日常書寫,素描,https://listenriver.com/blog/素描/08透視塞尚矩形/,200,/blog/素描/素描8/
content/blog/素描/09捏陶的素描/index.md,素描09：成型素描、土的素描、雕塑的素描,False,2022-08-17 10:07:47+08:00,blog,素描,日常書寫,素描,https://listenriver.com/blog/素描/09捏陶的素描/,200,/blog/素描/素描9/
content/blog/素描/10編織的素描/index.md,素描10：排線、調子、線條作為語法,False,2022-09-03 10:07:47+08:00,blog,素描,日常書寫,素描,https://listenriver.com/blog/素描/10編織的素描/,200,/blog/素描/素描10/
content/blog/素描/11補捉場景/index.md,素描11：場景、參考線、定位點,False,2022-09-07 10:07:47+08:00,blog,素描,日常書寫,素描,https://listenriver.com/blog/素描/11補捉場景/,200,/blog/素描/素描11/
content/blog/素描/12人臉/index.md,素描12：人臉,False,2022-09-21 10:07:47+08:00,blog,素描,日常書寫,素描,https://listenriver.com/blog/素描/12人臉/,200,/blog/素描/素描12/
content/blog/素描/13實在感/index.md,素描13：實在感,False,2022-12-07 10:07:47+08:00,blog,素描,日常書寫,素描,https://listenriver.com/blog/素描/13實在感/,200,/blog/素描/素描入門二1/
content/blog/病痛經驗/01論疾病/index.md,論疾病,False,2019-12-31 10:07:47+08:00,blog,病痛經驗,病痛經驗,病痛經驗,https://listenriver.com/blog/病痛經驗/01論疾病/,200,/blog/日常書寫/20191231論疾病/
content/blog/病痛經驗/住院記：擁抱陰影/index.md,住院記：擁抱陰影,False,2021-12-27,blog,病痛經驗,病痛經驗,蟹足腫病痛,https://listenriver.com/blog/病痛經驗/住院記擁抱陰影/,200,
content/blog/病痛經驗/定期回診/index.md,定期回診,False,2026-03-22,blog,病痛經驗,病痛經驗,病痛經驗,https://listenriver.com/blog/病痛經驗/定期回診/,200,/blog/日常書寫/20260320定期回診/
content/blog/病痛經驗/標本：凝視與被凝視/index.md,標本：凝視與被凝視,False,2023-06-22,blog,病痛經驗,病痛經驗,蟹足腫病痛,https://listenriver.com/blog/病痛經驗/標本凝視與被凝視/,200,
content/blog/病痛經驗/疼痛的意義是襯托生命/index.md,疼痛的意義是襯托生命,False,2020-09-04 10:07:47+08:00,blog,病痛經驗,病痛經驗,病痛經驗,https://listenriver.com/blog/病痛經驗/疼痛的意義是襯托生命/,200,/blog/日常書寫/20200904疼痛的意義襯托生命/
content/blog/病痛經驗/第三次住院：在張力之中呼吸/index.md,第三次住院：在張力之中呼吸,False,2023-10-21,blog,病痛經驗,病痛經驗,蟹足腫病痛,https://listenriver.com/blog/病痛經驗/第三次住院在張力之中呼吸/,200,
content/blog/病痛經驗/課堂報告小結/index.md,課堂報告小結,False,2022-11-23,blog,病痛經驗,病痛經驗 | 助人工作,蟹足腫病痛 | 助人工作,https://listenriver.com/blog/病痛經驗/課堂報告小結/,200,
content/blog/病痛經驗/鏡子、隱喻、建立存在感/index.md,鏡子、隱喻、建立存在感,False,2023-01-07 12:07:47+08:00,blog,病痛經驗,病痛經驗,病痛經驗,https://listenriver.com/blog/病痛經驗/鏡子隱喻建立存在感/,200,/blog/日常書寫/20230107鏡子隱喻建立存在感/
content/blog/病痛經驗/關於自我揭露/index.md,關於自我揭露,False,2022-11-14 12:07:47+08:00,blog,病痛經驗,病痛經驗,蟹足腫病痛,https://listenriver.com/blog/病痛經驗/關於自我揭露/,200,/blog/日常書寫/20221114關於自我揭露/
content/blog/疼痛書寫/疼痛、憂鬱、失聲/index.md,疼痛、憂鬱、失聲,False,2023-03-25,blog,疼痛書寫,病痛經驗,蟹足腫病痛 | 詩的語言,https://listenriver.com/blog/疼痛書寫/疼痛憂鬱失聲/,200,
content/blog/疼痛書寫/疼痛意識流/index.md,〈疼痛意識流〉,False,2023-06-18,blog,疼痛書寫,病痛經驗,蟹足腫病痛 | 詩的語言,https://listenriver.com/blog/疼痛書寫/疼痛意識流/,200,
content/blog/疼痛書寫/疼痛日記/index.md,疼痛日記,False,2020-04-10,blog,疼痛書寫,病痛經驗,蟹足腫病痛 | 病痛經驗,https://listenriver.com/blog/疼痛書寫/疼痛日記/,200,
content/blog/疼痛書寫/疼痛是比較級的/index.md,〈疼痛是比較級的〉,False,2023-11-17,blog,疼痛書寫,病痛經驗,蟹足腫病痛 | 詩的語言,https://listenriver.com/blog/疼痛書寫/疼痛是比較級的/,200,
content/blog/疼痛書寫/疼痛是鬼/index.md,〈疼痛是鬼〉,False,2023-06-22,blog,疼痛書寫,病痛經驗,蟹足腫病痛 | 詩的語言,https://listenriver.com/blog/疼痛書寫/疼痛是鬼/,200,
content/blog/疼痛書寫/髒血/index.md,〈髒血〉,False,2023-06-20,blog,疼痛書寫,病痛經驗,蟹足腫病痛 | 詩的語言,https://listenriver.com/blog/疼痛書寫/髒血/,200,
content/blog/書摘/人行道/index.md,書摘｜《人行道》,False,2019-11-23 10:07:47+08:00,blog,書摘,閱讀與筆記,書摘,https://listenriver.com/blog/書摘/人行道/,200,/blog/閱讀書摘/人行道/
content/blog/書摘/修身與齊家/index.md,書摘｜《修身與齊家》,False,2022-09-30 11:07:47+08:00,blog,書摘,閱讀與筆記,書摘,https://listenriver.com/blog/書摘/修身與齊家/,200,/blog/閱讀書摘/修身與齊家/
content/blog/書摘/凝視太陽/index.md,書摘｜《凝視太陽》,False,2020-10-30 10:07:47+08:00,blog,書摘,閱讀與筆記,書摘,https://listenriver.com/blog/書摘/凝視太陽/,200,/blog/閱讀書摘/凝視太陽/
content/blog/書摘/到達彼岸的智慧/index.md,書摘｜一行禪師講《心經》：到達彼岸的智慧,False,2022-05-17 11:07:47+08:00,blog,書摘,閱讀與筆記,書摘 | 一行禪師 | 正念的河流,https://listenriver.com/blog/書摘/到達彼岸的智慧/,200,/blog/閱讀書摘/心經/
content/blog/書摘/割腕的誘惑/index.md,書摘｜《割腕的誘惑：停止自我傷害》,False,2022-08-03 10:07:48+08:00,blog,書摘,閱讀與筆記,書摘,https://listenriver.com/blog/書摘/割腕的誘惑/,200,/blog/閱讀書摘/割腕的誘惑/
content/blog/書摘/危殆生活/index.md,書摘｜《危殆生活》,False,2022-07-29 10:07:47+08:00,blog,書摘,閱讀與筆記,書摘,https://listenriver.com/blog/書摘/危殆生活/,200,/blog/閱讀書摘/危殆生活/
content/blog/書摘/如何謀殺一座城市/index.md,書摘｜《如何謀殺一座城市》,False,2019-12-13 10:07:47+08:00,blog,書摘,閱讀與筆記,書摘,https://listenriver.com/blog/書摘/如何謀殺一座城市/,200,/blog/閱讀書摘/如何謀殺一座城市/
content/blog/書摘/學習家族治療/index.md,書摘｜《學習家族治療》,False,2021-01-10 10:07:47+08:00,blog,書摘,閱讀與筆記,書摘 | 家族治療,https://listenriver.com/blog/書摘/學習家族治療/,200,/blog/閱讀書摘/學習家族治療/
content/blog/書摘/家庭會傷人/index.md,書摘｜《家庭會傷人》,False,2020-04-08 10:07:47+08:00,blog,書摘,閱讀與筆記,書摘 | 家族治療 | 家庭會傷人,https://listenriver.com/blog/書摘/家庭會傷人/,200,/blog/閱讀書摘/家庭會傷人/
content/blog/書摘/尋找復原力/index.md,書摘｜《尋找復原力》,False,2022-01-12 10:07:47+08:00,blog,書摘,閱讀與筆記,書摘 | 創傷知情,https://listenriver.com/blog/書摘/尋找復原力/,200,/blog/閱讀書摘/尋找復原力/
content/blog/書摘/成為一個人/index.md,書摘｜《成為一個人》,False,2021-06-30 10:07:47+08:00,blog,書摘,閱讀與筆記,書摘 | 成為一個人,https://listenriver.com/blog/書摘/成為一個人/,200,/blog/閱讀書摘/成為一個人/ | /blog/成為一個人/書摘成為一個人/
content/blog/書摘/找回家庭的療癒力/index.md,書摘｜《找回家庭的療癒力：多世代家族治療》,False,2020-12-29 10:07:47+08:00,blog,書摘,閱讀與筆記,書摘 | 家族治療,https://listenriver.com/blog/書摘/找回家庭的療癒力/,200,/blog/閱讀書摘/找回家庭的療癒力多世代家族治療/ | /blog/閱讀書摘/找回家庭的療癒力-多世代家族治療/
content/blog/書摘/擁抱陰影/index.md,書摘｜《擁抱陰影》,False,2021-12-30 10:07:47+08:00,blog,書摘,閱讀與筆記,書摘,https://listenriver.com/blog/書摘/擁抱陰影/,200,/blog/閱讀書摘/擁抱陰影/
content/blog/書摘/敘事治療工作地圖/index.md,書摘｜《敘事治療工作地圖》,False,2021-02-05 10:07:47+08:00,blog,書摘,閱讀與筆記,書摘 | 家族治療,https://listenriver.com/blog/書摘/敘事治療工作地圖/,200,/blog/閱讀書摘/敘事治療工作地圖/
content/blog/書摘/旁觀他人之痛苦/index.md,書摘｜《旁觀他人之痛苦》,False,2019-11-07 10:07:47+08:00,blog,書摘,閱讀與筆記,書摘,https://listenriver.com/blog/書摘/旁觀他人之痛苦/,200,/blog/閱讀書摘/旁觀他人之痛苦/
content/blog/書摘/正念生活的藝術/index.md,書摘｜《正念生活的藝術》,False,2022-05-04 11:07:47+08:00,blog,書摘,閱讀與筆記,書摘 | 一行禪師 | 正念的河流,https://listenriver.com/blog/書摘/正念生活的藝術/,200,/blog/閱讀書摘/正念生活的藝術/
content/blog/書摘/流浪者之歌/index.md,書摘｜《流浪者之歌》,False,2019-08-21 10:07:47+08:00,blog,書摘,閱讀與筆記,書摘,https://listenriver.com/blog/書摘/流浪者之歌/,200,/blog/閱讀書摘/流浪者之歌/
content/blog/書摘/為何建制民族誌如此強大/index.md,書摘｜《為何建制民族誌如此強大？解碼日常生活的權力遊戲》,False,2021-09-16 10:09:47+08:00,blog,書摘,閱讀與筆記,書摘 | 建制民族誌,https://listenriver.com/blog/書摘/為何建制民族誌如此強大/,200,/blog/閱讀書摘/建制民族誌/
content/blog/書摘/無痛思維/index.md,書摘｜《無痛思維》,False,2022-08-13 11:07:47+08:00,blog,書摘,閱讀與筆記,書摘 | 聆聽疼痛,https://listenriver.com/blog/書摘/無痛思維/,200,/blog/閱讀書摘/無痛思維/
content/blog/書摘/現象學十四講/index.md,書摘｜《現象學十四講》,False,2022-02-08 10:07:47+08:00,blog,書摘,閱讀與筆記,書摘 | 現象學,https://listenriver.com/blog/書摘/現象學十四講/,200,/blog/閱讀書摘/現象學十四講/
content/blog/書摘/疾病的隱喻/index.md,書摘｜《疾病的隱喻》,False,2019-11-11 10:07:47+08:00,blog,書摘,閱讀與筆記,書摘,https://listenriver.com/blog/書摘/疾病的隱喻/,200,/blog/閱讀書摘/疾病的隱喻/
content/blog/書摘/病從所願/index.md,書摘｜《病從所願》,False,2023-01-27 10:07:47+08:00,blog,書摘,閱讀與筆記,書摘,https://listenriver.com/blog/書摘/病從所願/,200,/blog/閱讀書摘/病從所願/
content/blog/書摘/聆聽疼痛/index.md,書摘｜《聆聽疼痛》,False,2023-02-03 10:07:47+08:00,blog,書摘,閱讀與筆記,書摘 | 聆聽疼痛,https://listenriver.com/blog/書摘/聆聽疼痛/,200,/blog/閱讀書摘/聆聽疼痛/ | /blog/閱讀書摘/聆聽疼痛2/
content/blog/書摘/英雄之旅/index.md,書摘｜《英雄之旅》,False,2021-07-17 10:07:47+08:00,blog,書摘,閱讀與筆記,書摘 | 正念的河流,https://listenriver.com/blog/書摘/英雄之旅/,200,/blog/閱讀書摘/英雄之旅/
content/blog/書摘/見佛殺佛/index.md,書摘｜《見佛殺佛》,False,2022-05-19 11:07:47+08:00,blog,書摘,閱讀與筆記,書摘 | 一行禪師 | 正念的河流,https://listenriver.com/blog/書摘/見佛殺佛/,200,
content/blog/書摘/開放對話期待對話/index.md,書摘｜《開放對話・期待對話：尊重他者當下的他異性》,False,2021-02-10 10:07:47+08:00,blog,書摘,閱讀與筆記,書摘 | 開放式對話,https://listenriver.com/blog/書摘/開放對話期待對話/,200,/blog/閱讀書摘/開放對話-期待對話/ | /blog/閱讀書摘/開放對話期待對話/
content/blog/書摘/關係的評估與修復/index.md,書摘｜《關係的評估與修復》,False,2021-02-09 10:07:47+08:00,blog,書摘,閱讀與筆記,書摘 | 家族治療,https://listenriver.com/blog/書摘/關係的評估與修復/,200,/blog/閱讀書摘/關係的評估與修復/
content/blog/書摘/障礙政治/index.md,書摘｜《障礙政治》,False,2023-10-30 10:07:47+08:00,blog,書摘,閱讀與筆記,書摘 | 障礙政治,https://listenriver.com/blog/書摘/障礙政治/,200,/blog/閱讀書摘/障礙政治/
content/blog/日常書寫/clubhouse的密室/index.md,Clubhouse的密室：不可言說的那件事,False,2021-02-11 10:07:47+08:00,blog,日常書寫,日常書寫,,https://listenriver.com/blog/日常書寫/clubhouse的密室/,200,/blog/日常書寫/20210211clubhouse的密室/
content/blog/日常書寫/clubhouse的療癒空間/index.md,Clubhouse的療癒空間：從獨白轉為對話，在對話中產生共鳴,False,2021-02-10 10:07:47+08:00,blog,日常書寫,日常書寫,,https://listenriver.com/blog/日常書寫/clubhouse的療癒空間/,200,/blog/日常書寫/20210210clubhouse的療癒空間/
content/blog/日常書寫/一種抵達經驗的方式/index.md,一種抵達經驗的方式,False,2022-08-06 10:07:47+08:00,blog,日常書寫,日常書寫,講座心得 | 現象學,https://listenriver.com/blog/日常書寫/一種抵達經驗的方式/,200,/blog/日常書寫/20220806一種抵達經驗的方式/
content/blog/日常書寫/人間出口：性和慾望的詮釋/index.md,人間出口：性和慾望的詮釋,False,2020-07-28 10:07:47+08:00,blog,日常書寫,日常書寫,人間出口,https://listenriver.com/blog/日常書寫/人間出口性和慾望的詮釋/,200,/blog/凝視日常/人間出口性和慾望的詮釋/ | /blog/生活反思與心得/人間出口性和慾望的詮釋/ | /blog/日常書寫/20200728人間出口：性和慾望的詮釋/
content/blog/日常書寫/來自異次元的騷擾：腦控受害者/index.md,來自異次元的騷擾：腦控受害者,False,2020-06-17 10:07:47+08:00,blog,日常書寫,日常書寫,,https://listenriver.com/blog/日常書寫/來自異次元的騷擾腦控受害者/,200,/blog/日常書寫/20200617來自異次元的騷擾-腦控受害者/ | /blog/凝視日常/來自異次元的騷擾-腦控受害者/ | /blog/日常書寫/20200617來自異次元的騷擾腦控受害者/
content/blog/日常書寫/如何理解時間的存在/index.md,如何理解時間的存在？,False,2020-07-02 10:07:47+08:00,blog,日常書寫,日常書寫,時間,https://listenriver.com/blog/日常書寫/如何理解時間的存在/,200,/blog/日常書寫/20200702如何理解時間的存在/
content/blog/日常書寫/如何看待暴力/index.md,如何看待暴力？,False,2021-10-21 10:07:47+08:00,blog,日常書寫,日常書寫,電影心得,https://listenriver.com/blog/日常書寫/如何看待暴力/,200,/blog/日常書寫/20211021如何看待暴力/
content/blog/日常書寫/掘光而行/index.md,洪瑞麟：掘光而行,False,2022-08-07 12:07:47+08:00,blog,日常書寫,日常書寫,,https://listenriver.com/blog/日常書寫/掘光而行/,200,/blog/日常書寫/20220807掘光而行/
content/blog/日常書寫/整理書櫃有感/index.md,整理書櫃有感,False,2026-03-08,blog,日常書寫,日常書寫,,https://listenriver.com/blog/日常書寫/整理書櫃有感/,200,/blog/日常書寫/20260308整理書櫃有感/
content/blog/日常書寫/網頁架設學習歷程/index.md,網頁架設學習歷程,False,2026-02-23,blog,日常書寫,日常書寫,,https://listenriver.com/blog/日常書寫/網頁架設學習歷程/,200,/blog/日常書寫/20260223網頁架設學習歷程/
content/blog/日常書寫/美好的事物終將灰飛煙滅/index.md,美好的事物終將灰飛煙滅,False,2021-04-15 10:07:47+08:00,blog,日常書寫,日常書寫,,https://listenriver.com/blog/日常書寫/美好的事物終將灰飛煙滅/,200,/blog/日常書寫/20210415美好的事物終將灰飛煙滅/
content/blog/日常書寫/蜷縮、停滯、暗之惡魔/index.md,蜷縮、停滯、暗之惡魔,False,2024-08-30,blog,日常書寫,日常書寫,,https://listenriver.com/blog/日常書寫/蜷縮停滯暗之惡魔/,200,/blog/日常書寫/20240830蜷縮停滯暗之惡魔/
content/blog/日常書寫/關於語言的反思/index.md,關於語言的反思,False,2020-08-05 10:07:47+08:00,blog,日常書寫,日常書寫,,https://listenriver.com/blog/日常書寫/關於語言的反思/,200,/blog/日常書寫/20200805反思關於語言/
content/blog/成為自己/不為而成/index.md,《成為一個人》的再理解：不為而成,False,2021-09-02 10:07:47+08:00,blog,成為自己,成為自己,成為一個人 | 正念的河流,https://listenriver.com/blog/成為自己/不為而成/,200,/blog/成為一個人/20210902成為一個人的再理解不為而成/
content/blog/成為自己/人是有機的存在/index.md,人是有機的存在,False,2022-11-17 12:07:47+08:00,blog,成為自己,成為自己,,https://listenriver.com/blog/成為自己/人是有機的存在/,200,/blog/自我成長/20221117人是有機的存在/
content/blog/成為自己/任性的人/index.md,任性的人：網路社群時代的個體化危機,False,2021-08-09 10:07:47+08:00,blog,成為自己,成為自己,,https://listenriver.com/blog/成為自己/任性的人/,200,/blog/日常書寫/20210809任性的人/
content/blog/成為自己/保持透明/index.md,保持透明,False,2021-08-10 10:07:47+08:00,blog,成為自己,成為自己,,https://listenriver.com/blog/成為自己/保持透明/,200,/blog/日常書寫/20210810保持透明/
content/blog/成為自己/傾聽自己是善待自己的方法/index.md,傾聽與凝視：傾聽自己是善待自己的方法,False,2020-09-09 10:07:47+08:00,blog,成為自己,成為自己,正念的河流 | 成為一個人,https://listenriver.com/blog/成為自己/傾聽自己是善待自己的方法/,200,/blog/生活反思與心得/傾聽與凝視傾聽自己是善待自己的方法/ | /blog/凝視日常/傾聽與凝視傾聽自己是善待自己的方法/ | /blog/日常書寫/20200909傾聽與凝視傾聽自己是善待自己的方法/
content/blog/成為自己/凝視與穿越/index.md,凝視與穿越：從正念、道家哲學到個體化,False,2021-08-28 10:07:47+08:00,blog,成為自己,成為自己,正念的河流 | 成為一個人 | 凝視與穿越,https://listenriver.com/blog/成為自己/凝視與穿越/,200,/blog/成為一個人/20210828凝視與穿越從正念道家哲學到個體化/
content/blog/成為自己/反省個體化/index.md,反省個體化,False,2022-05-01,blog,成為自己,成為自己,,https://listenriver.com/blog/成為自己/反省個體化/,200,/blog/成為一個人/20220501反省個體化/
content/blog/成為自己/嘔吐/index.md,嘔吐,False,2022-12-02 12:07:57+08:00,blog,成為自己,成為自己,正念的河流 | 凝視與穿越,https://listenriver.com/blog/成為自己/嘔吐/,200,/blog/凝視日常/嘔吐/ | /blog/日常書寫/20221202嘔吐/
content/blog/成為自己/夕陽下的長影子/index.md,夕陽下的長影子：領域展開,False,2021-09-05 10:07:47+08:00,blog,成為自己,成為自己,親密關係,https://listenriver.com/blog/成為自己/夕陽下的長影子/,200,/blog/日常書寫/20210905夕陽下的長影子/
content/blog/成為自己/情緒、鏡子視角、觀自在/index.md,情緒、鏡子視角、觀自在,False,2025-03-10,blog,成為自己,成為自己,,https://listenriver.com/blog/成為自己/情緒鏡子視角觀自在/,200,/blog/自我成長/20250310情緒鏡子視角觀自在/
content/blog/成為自己/慢讀漫談/index.md,慢讀漫談Podcast：空間、關係與自我存在,False,2021-11-02 10:07:47+08:00,blog,成為自己,成為自己,現象學 | 正念的河流 | 凝視與穿越,https://listenriver.com/blog/成為自己/慢讀漫談/,200,/blog/凝視日常/慢讀漫談/ | /blog/日常書寫/20211102慢讀漫談/
content/blog/成為自己/成為自己的過程/index.md,Becoming自己的過程：找回內在連結,False,2021-08-17 10:07:47+08:00,blog,成為自己,成為自己,成為一個人,https://listenriver.com/blog/成為自己/成為自己的過程/,200,/blog/成為一個人/20210817becoming-自己的過程/
content/blog/成為自己/承接情緒的軟墊/index.md,承接情緒的軟墊,False,2021-08-17 12:07:47+08:00,blog,成為自己,成為自己,,https://listenriver.com/blog/成為自己/承接情緒的軟墊/,200,/blog/日常書寫/20210817聆聽疼痛/
content/blog/成為自己/最大的自由是承擔/index.md,最大的自由是承擔，最大的神蹟是人的超越性,False,2022-09-15,blog,成為自己,成為自己,成為一個人,https://listenriver.com/blog/成為自己/最大的自由是承擔/,200,/blog/凝視日常/最大的自由是承擔/ | /blog/成為一個人/20220915最大的自由是承擔/
content/blog/成為自己/正念的意義就在手中/index.md,正念的意義就在手中,False,2026-04-23,blog,成為自己,成為自己,正念的河流,https://listenriver.com/blog/成為自己/正念的意義就在手中/,200,
content/blog/成為自己/為什麼活著如此累人/index.md,為什麼活著如此累人？因為生命的意義被形塑成要做很多事情,False,2021-09-13 10:07:47+08:00,blog,成為自己,成為自己,成為一個人,https://listenriver.com/blog/成為自己/為什麼活著如此累人/,200,/blog/成為一個人/20210913為什麼活著如此累人/
content/blog/成為自己/無條件的愛讓小孩茁壯/index.md,無條件的愛讓小孩茁壯,False,2022-12-02 12:07:47+08:00,blog,成為自己,成為自己,,https://listenriver.com/blog/成為自己/無條件的愛讓小孩茁壯/,200,/blog/自我成長/20221202無條件的愛讓小孩茁壯/
content/blog/成為自己/痛苦的快樂/index.md,痛苦的快樂：為何不願善待自己,False,2021-03-04 10:07:47+08:00,blog,成為自己,成為自己,,https://listenriver.com/blog/成為自己/痛苦的快樂/,200,/blog/日常書寫/20210304痛苦的快樂/
content/blog/成為自己/看見本質的眼睛/index.md,20210830看見本質的眼睛,False,2021-08-30 10:07:47+08:00,blog,成為自己,成為自己,凝視與穿越 | 成為一個人 | 正念的河流,https://listenriver.com/blog/成為自己/看見本質的眼睛/,200,/blog/成為一個人/20210830看見本質的眼睛/
content/blog/成為自己/真實做自己的自由/index.md,真實做自己的自由：在凝視中看見的仍是自己,False,2023-11-03,blog,成為自己,成為自己,親密關係 | 成為一個人,https://listenriver.com/blog/成為自己/真實做自己的自由/,200,
content/blog/成為自己/穿越是一座無止盡的橋/index.md,穿越是一座無止盡的橋,False,2021-09-10 10:07:47+08:00,blog,成為自己,成為自己,凝視與穿越 | 正念的河流,https://listenriver.com/blog/成為自己/穿越是一座無止盡的橋/,200,/blog/成為一個人/20210910穿越是一座無止盡的橋1/
content/blog/成為自己/自己其實是幸福的/index.md,自己其實是幸福的,False,2022-12-16 12:07:57+08:00,blog,成為自己,成為自己,,https://listenriver.com/blog/成為自己/自己其實是幸福的/,200,/blog/日常書寫/20221216自己其實是幸福的/
content/blog/成為自己/踏實感/index.md,《成為一個人》後記：踏實感,False,2021-07-02 10:07:47+08:00,blog,成為自己,成為自己,成為一個人 | 正念的河流,https://listenriver.com/blog/成為自己/踏實感/,200,/blog/凝視日常/成為一個人後記/ | /blog/日常書寫/20210702成為一個人後記踏實感/ | /blog/日常生活凝視/成為一個人後記/ | /blog/成為一個人/20210702成為一個人後記踏實感/
content/blog/成為自己/選擇與自由/index.md,選擇與自由：接納代價是負責的表現,False,2021-09-14 10:07:47+08:00,blog,成為自己,成為自己,成為一個人,https://listenriver.com/blog/成為自己/選擇與自由/,200,/blog/自我成長/20210914選擇與自由/
content/blog/成為自己/鄰坐又對坐的關係/index.md,莫比烏斯環：鄰坐又對坐的關係,False,2023-10-30,blog,成為自己,成為自己,親密關係,https://listenriver.com/blog/成為自己/鄰坐又對坐的關係/,200,/blog/自我成長/20231030莫比烏斯環鄰坐又對坐的關係/
content/blog/成為自己/難過到感受不到自己的存在/index.md,難過到感受不到自己的存在,False,2022-12-11 12:07:57+08:00,blog,成為自己,成為自己,,https://listenriver.com/blog/成為自己/難過到感受不到自己的存在/,200,/blog/日常書寫/20221211難過到感受不到自己的存在/
content/blog/成為自己/魚、深淵、寓居於世/index.md,魚、深淵、寓居於世,False,2022-09-28 12:07:47+08:00,blog,成為自己,成為自己,,https://listenriver.com/blog/成為自己/魚深淵寓居於世/,200,/blog/日常書寫/20220928魚深淵寓居於世/
content/blog/助人工作/一位好的父親是如何養成的/index.md,一位好的父親是如何養成的？,False,2022-10-21 12:07:47+08:00,blog,助人工作,助人工作,助人工作,https://listenriver.com/blog/助人工作/一位好的父親是如何養成的/,200,/blog/日常書寫/20221021一位好的父親是如何養成的/
content/blog/助人工作/創傷知情工作坊心得/index.md,講座心得｜創傷知情與兒少服務工作坊,False,2021-05-17 10:07:47+08:00,blog,助人工作,助人工作,創傷知情 | 講座心得 | 助人工作,https://listenriver.com/blog/助人工作/創傷知情工作坊心得/,200,/blog/工作坊心得/創傷知情工作坊/ | /blog/生活反思與心得/創傷知情工作坊/ | /blog/創傷知情/講座心得創傷知情與兒少服務工作坊/
content/blog/助人工作/創傷知情工作坊筆記/index.md,講座筆記｜創傷知情與兒少服務工作坊筆記,False,2021-04-27 10:07:47+08:00,blog,助人工作,助人工作,講座筆記 | 創傷知情 | 助人工作,https://listenriver.com/blog/助人工作/創傷知情工作坊筆記/,200,/blog/創傷知情/講座筆記創傷知情與兒少服務工作坊/
content/blog/助人工作/北監酒駕班後記/index.md,北監酒駕班後記：關於集體創作的觀察,False,2020-06-26 10:07:47+08:00,blog,助人工作,助人工作,助人工作,https://listenriver.com/blog/助人工作/北監酒駕班後記/,200,/blog/日常書寫/20200626北監酒駕班後記/
content/blog/助人工作/北監酒駕班觀察心得/index.md,北監酒駕班觀察心得,False,2019-10-30 10:07:47+08:00,blog,助人工作,助人工作,助人工作,https://listenriver.com/blog/助人工作/北監酒駕班觀察心得/,200,/blog/日常書寫/20191030北監酒駕班觀察心得/
content/blog/助人工作/受苦的倒影/index.md,《受苦的倒影》新書講座：成為過道,False,2023-05-06 12:07:47+08:00,blog,助人工作,助人工作,受苦的倒影 | 助人工作,https://listenriver.com/blog/助人工作/受苦的倒影/,200,/blog/受苦的倒影/受苦的倒影新書講座成為過道/
content/blog/助人工作/同步聽打培訓/index.md,同步聽打培訓,False,2021-08-08 10:07:47+08:00,blog,助人工作,助人工作,助人工作,https://listenriver.com/blog/助人工作/同步聽打培訓/,200,/blog/日常書寫/20210808同步聽打/
content/blog/助人工作/女性主義人生百味/index.md,人生百味：第二次的期中報告,False,2022-05-20 10:07:47+08:00,blog,助人工作,助人工作,助人工作,https://listenriver.com/blog/助人工作/女性主義人生百味/,200,/blog/日常書寫/20220520女性主義人生百味/
content/blog/助人工作/對話工作如潛水/index.md,對話工作如潛水,False,2020-11-02 10:07:47+08:00,blog,助人工作,助人工作,助人工作,https://listenriver.com/blog/助人工作/對話工作如潛水/,200,/blog/日常書寫/20201102對話工作如潛水/
content/blog/助人工作/換位思考與非暴力溝通/index.md,換位思考與非暴力溝通,False,2021-08-25 10:07:47+08:00,blog,助人工作,助人工作,非暴力溝通 | 助人工作,https://listenriver.com/blog/助人工作/換位思考與非暴力溝通/,200,/blog/日常書寫/20210825非暴力溝通心得/
content/blog/助人工作/握有權力時的焦慮/index.md,握有權力時的焦慮,False,2021-02-09 10:07:47+08:00,blog,助人工作,助人工作,助人工作,https://listenriver.com/blog/助人工作/握有權力時的焦慮/,200,/blog/日常書寫/20210209握有權力時的焦慮/
content/blog/助人工作/社會工作是陰性的存在/index.md,社會工作是陰性的存在,False,2022-08-24 10:07:47+08:00,blog,助人工作,助人工作,助人工作,https://listenriver.com/blog/助人工作/社會工作是陰性的存在/,200,/blog/日常書寫/20220824社會工作是陰性的存在/
content/blog/助人工作/缺席者的發聲練習/index.md,貧窮人的台北：缺席者的發聲練習,False,2020-11-20 10:07:47+08:00,blog,助人工作,助人工作,助人工作,https://listenriver.com/blog/助人工作/缺席者的發聲練習/,200,/blog/生活反思與心得/缺席者的發聲練習/ | /blog/日常書寫/20201120缺席者的發聲練習/
content/blog/助人工作/親密關係暴力的矛盾與複雜困境/index.md,親密關係暴力的矛盾與複雜困境,False,2021-04-18 10:07:47+08:00,blog,助人工作,助人工作,助人工作 | 親密關係暴力,https://listenriver.com/blog/助人工作/親密關係暴力的矛盾與複雜困境/,200,/blog/生活反思與心得/親密關係暴力的矛盾與複雜困境/ | /blog/凝視日常/親密關係暴力的矛盾與複雜困境/ | /blog/日常書寫/20210418親密關係暴力的矛盾與複雜困境/
content/blog/助人工作/進階團體工作/index.md,進階團體工作,False,2022-10-28 12:07:47+08:00,blog,助人工作,助人工作,助人工作,https://listenriver.com/blog/助人工作/進階團體工作/,200,/blog/日常書寫/20221028團體/
content/blog/助人工作/過道、渡者、苦難工作者/index.md,過道、渡者、苦難工作者,False,2023-05-07 12:07:47+08:00,blog,助人工作,助人工作,受苦的倒影 | 助人工作,https://listenriver.com/blog/助人工作/過道渡者苦難工作者/,200,/blog/受苦的倒影/過道渡者苦難工作者/
content/blog/助人工作/非正式的知識建構/index.md,社會工作觀察：匿名戒酒會，非正式的知識建構,False,2022-04-15 10:07:47+08:00,blog,助人工作,助人工作,助人工作,https://listenriver.com/blog/助人工作/非正式的知識建構/,200,/blog/日常書寫/20220415非正式的知識建構/
