path,status,final_url,canonical,robots,redirects
/,200,https://listenriver.com/,https://listenriver.com/,"index, follow",[]
/404.html,200,https://listenriver.com/404,https://listenriver.com/404.html,"index, follow","[{""status"": 301, ""location"": ""/404/""}, {""status"": 308, ""location"": ""/404""}]"
/about/,200,https://listenriver.com/about/,https://listenriver.com/about/,"index, follow",[]
/blog/,200,https://listenriver.com/blog/,https://listenriver.com/blog/,"index, follow",[]
/blog/page/10/,200,https://listenriver.com/blog/page/10/,https://listenriver.com/blog/,"index, follow",[]
/blog/page/11/,200,https://listenriver.com/blog/page/11/,https://listenriver.com/blog/,"index, follow",[]
/blog/page/12/,200,https://listenriver.com/blog/page/12/,https://listenriver.com/blog/,"index, follow",[]
/blog/page/13/,200,https://listenriver.com/blog/page/13/,https://listenriver.com/blog/,"index, follow",[]
/blog/page/14/,200,https://listenriver.com/blog/page/14/,https://listenriver.com/blog/,"index, follow",[]
/blog/page/15/,200,https://listenriver.com/blog/page/15/,https://listenriver.com/blog/,"index, follow",[]
/blog/page/16/,200,https://listenriver.com/blog/page/16/,https://listenriver.com/blog/,"index, follow",[]
/blog/page/17/,200,https://listenriver.com/blog/page/17/,https://listenriver.com/blog/,"index, follow",[]
/blog/page/18/,200,https://listenriver.com/blog/page/18/,https://listenriver.com/blog/,"index, follow",[]
/blog/page/19/,200,https://listenriver.com/blog/page/19/,https://listenriver.com/blog/,"index, follow",[]
/blog/page/2/,200,https://listenriver.com/blog/page/2/,https://listenriver.com/blog/,"index, follow",[]
/blog/page/20/,200,https://listenriver.com/blog/page/20/,https://listenriver.com/blog/,"index, follow",[]
/blog/page/3/,200,https://listenriver.com/blog/page/3/,https://listenriver.com/blog/,"index, follow",[]
/blog/page/4/,200,https://listenriver.com/blog/page/4/,https://listenriver.com/blog/,"index, follow",[]
/blog/page/5/,200,https://listenriver.com/blog/page/5/,https://listenriver.com/blog/,"index, follow",[]
/blog/page/6/,200,https://listenriver.com/blog/page/6/,https://listenriver.com/blog/,"index, follow",[]
/blog/page/7/,200,https://listenriver.com/blog/page/7/,https://listenriver.com/blog/,"index, follow",[]
/blog/page/8/,200,https://listenriver.com/blog/page/8/,https://listenriver.com/blog/,"index, follow",[]
/blog/page/9/,200,https://listenriver.com/blog/page/9/,https://listenriver.com/blog/,"index, follow",[]
/blog/助人工作/,404,https://listenriver.com/blog/助人工作/,https://listenriver.com/404.html,"index, follow",[]
/blog/助人工作/一位好的父親是如何養成的/,200,https://listenriver.com/blog/助人工作/一位好的父親是如何養成的/,https://listenriver.com/blog/助人工作/一位好的父親是如何養成的/,"index, follow",[]
/blog/助人工作/創傷知情工作坊心得/,200,https://listenriver.com/blog/助人工作/創傷知情工作坊心得/,https://listenriver.com/blog/助人工作/創傷知情工作坊心得/,"index, follow",[]
/blog/助人工作/創傷知情工作坊筆記/,200,https://listenriver.com/blog/助人工作/創傷知情工作坊筆記/,https://listenriver.com/blog/助人工作/創傷知情工作坊筆記/,"index, follow",[]
/blog/助人工作/北監酒駕班後記/,200,https://listenriver.com/blog/助人工作/北監酒駕班後記/,https://listenriver.com/blog/助人工作/北監酒駕班後記/,"index, follow",[]
/blog/助人工作/北監酒駕班觀察心得/,200,https://listenriver.com/blog/助人工作/北監酒駕班觀察心得/,https://listenriver.com/blog/助人工作/北監酒駕班觀察心得/,"index, follow",[]
/blog/助人工作/受苦的倒影/,200,https://listenriver.com/blog/助人工作/受苦的倒影/,https://listenriver.com/blog/助人工作/受苦的倒影/,"index, follow",[]
/blog/助人工作/同步聽打培訓/,200,https://listenriver.com/blog/助人工作/同步聽打培訓/,https://listenriver.com/blog/助人工作/同步聽打培訓/,"index, follow",[]
/blog/助人工作/女性主義人生百味/,200,https://listenriver.com/blog/助人工作/女性主義人生百味/,https://listenriver.com/blog/助人工作/女性主義人生百味/,"index, follow",[]
/blog/助人工作/對話工作如潛水/,200,https://listenriver.com/blog/助人工作/對話工作如潛水/,https://listenriver.com/blog/助人工作/對話工作如潛水/,"index, follow",[]
/blog/助人工作/換位思考與非暴力溝通/,200,https://listenriver.com/blog/助人工作/換位思考與非暴力溝通/,https://listenriver.com/blog/助人工作/換位思考與非暴力溝通/,"index, follow",[]
/blog/助人工作/握有權力時的焦慮/,200,https://listenriver.com/blog/助人工作/握有權力時的焦慮/,https://listenriver.com/blog/助人工作/握有權力時的焦慮/,"index, follow",[]
/blog/助人工作/社會工作是陰性的存在/,200,https://listenriver.com/blog/助人工作/社會工作是陰性的存在/,https://listenriver.com/blog/助人工作/社會工作是陰性的存在/,"index, follow",[]
/blog/助人工作/缺席者的發聲練習/,200,https://listenriver.com/blog/助人工作/缺席者的發聲練習/,https://listenriver.com/blog/助人工作/缺席者的發聲練習/,"index, follow",[]
/blog/助人工作/親密關係暴力的矛盾與複雜困境/,200,https://listenriver.com/blog/助人工作/親密關係暴力的矛盾與複雜困境/,https://listenriver.com/blog/助人工作/親密關係暴力的矛盾與複雜困境/,"index, follow",[]
/blog/助人工作/進階團體工作/,200,https://listenriver.com/blog/助人工作/進階團體工作/,https://listenriver.com/blog/助人工作/進階團體工作/,"index, follow",[]
/blog/助人工作/過道渡者苦難工作者/,200,https://listenriver.com/blog/助人工作/過道渡者苦難工作者/,https://listenriver.com/blog/助人工作/過道渡者苦難工作者/,"index, follow",[]
/blog/助人工作/非正式的知識建構/,200,https://listenriver.com/blog/助人工作/非正式的知識建構/,https://listenriver.com/blog/助人工作/非正式的知識建構/,"index, follow",[]
/blog/成為自己/不為而成/,200,https://listenriver.com/blog/成為自己/不為而成/,https://listenriver.com/blog/成為自己/不為而成/,"index, follow",[]
/blog/成為自己/人是有機的存在/,200,https://listenriver.com/blog/成為自己/人是有機的存在/,https://listenriver.com/blog/成為自己/人是有機的存在/,"index, follow",[]
/blog/成為自己/任性的人/,200,https://listenriver.com/blog/成為自己/任性的人/,https://listenriver.com/blog/成為自己/任性的人/,"index, follow",[]
/blog/成為自己/保持透明/,200,https://listenriver.com/blog/成為自己/保持透明/,https://listenriver.com/blog/成為自己/保持透明/,"index, follow",[]
/blog/成為自己/傾聽自己是善待自己的方法/,200,https://listenriver.com/blog/成為自己/傾聽自己是善待自己的方法/,https://listenriver.com/blog/成為自己/傾聽自己是善待自己的方法/,"index, follow",[]
/blog/成為自己/凝視與穿越/,200,https://listenriver.com/blog/成為自己/凝視與穿越/,https://listenriver.com/blog/成為自己/凝視與穿越/,"index, follow",[]
/blog/成為自己/反省個體化/,200,https://listenriver.com/blog/成為自己/反省個體化/,https://listenriver.com/blog/成為自己/反省個體化/,"index, follow",[]
/blog/成為自己/嘔吐/,200,https://listenriver.com/blog/成為自己/嘔吐/,https://listenriver.com/blog/成為自己/嘔吐/,"index, follow",[]
/blog/成為自己/夕陽下的長影子/,200,https://listenriver.com/blog/成為自己/夕陽下的長影子/,https://listenriver.com/blog/成為自己/夕陽下的長影子/,"index, follow",[]
/blog/成為自己/情緒鏡子視角觀自在/,200,https://listenriver.com/blog/成為自己/情緒鏡子視角觀自在/,https://listenriver.com/blog/成為自己/情緒鏡子視角觀自在/,"index, follow",[]
/blog/成為自己/慢讀漫談/,200,https://listenriver.com/blog/成為自己/慢讀漫談/,https://listenriver.com/blog/成為自己/慢讀漫談/,"index, follow",[]
/blog/成為自己/成為自己的過程/,200,https://listenriver.com/blog/成為自己/成為自己的過程/,https://listenriver.com/blog/成為自己/成為自己的過程/,"index, follow",[]
/blog/成為自己/承接情緒的軟墊/,200,https://listenriver.com/blog/成為自己/承接情緒的軟墊/,https://listenriver.com/blog/成為自己/承接情緒的軟墊/,"index, follow",[]
/blog/成為自己/最大的自由是承擔/,200,https://listenriver.com/blog/成為自己/最大的自由是承擔/,https://listenriver.com/blog/成為自己/最大的自由是承擔/,"index, follow",[]
/blog/成為自己/正念的意義就在手中/,200,https://listenriver.com/blog/成為自己/正念的意義就在手中/,https://listenriver.com/blog/成為自己/正念的意義就在手中/,"index, follow",[]
/blog/成為自己/為什麼活著如此累人/,200,https://listenriver.com/blog/成為自己/為什麼活著如此累人/,https://listenriver.com/blog/成為自己/為什麼活著如此累人/,"index, follow",[]
/blog/成為自己/無條件的愛讓小孩茁壯/,200,https://listenriver.com/blog/成為自己/無條件的愛讓小孩茁壯/,https://listenriver.com/blog/成為自己/無條件的愛讓小孩茁壯/,"index, follow",[]
/blog/成為自己/痛苦的快樂/,200,https://listenriver.com/blog/成為自己/痛苦的快樂/,https://listenriver.com/blog/成為自己/痛苦的快樂/,"index, follow",[]
/blog/成為自己/看見本質的眼睛/,200,https://listenriver.com/blog/成為自己/看見本質的眼睛/,https://listenriver.com/blog/成為自己/看見本質的眼睛/,"index, follow",[]
/blog/成為自己/真實做自己的自由/,200,https://listenriver.com/blog/成為自己/真實做自己的自由/,https://listenriver.com/blog/成為自己/真實做自己的自由/,"index, follow",[]
/blog/成為自己/穿越是一座無止盡的橋/,200,https://listenriver.com/blog/成為自己/穿越是一座無止盡的橋/,https://listenriver.com/blog/成為自己/穿越是一座無止盡的橋/,"index, follow",[]
/blog/成為自己/自己其實是幸福的/,200,https://listenriver.com/blog/成為自己/自己其實是幸福的/,https://listenriver.com/blog/成為自己/自己其實是幸福的/,"index, follow",[]
/blog/成為自己/踏實感/,200,https://listenriver.com/blog/成為自己/踏實感/,https://listenriver.com/blog/成為自己/踏實感/,"index, follow",[]
/blog/成為自己/選擇與自由/,200,https://listenriver.com/blog/成為自己/選擇與自由/,https://listenriver.com/blog/成為自己/選擇與自由/,"index, follow",[]
/blog/成為自己/鄰坐又對坐的關係/,200,https://listenriver.com/blog/成為自己/鄰坐又對坐的關係/,https://listenriver.com/blog/成為自己/鄰坐又對坐的關係/,"index, follow",[]
/blog/成為自己/難過到感受不到自己的存在/,200,https://listenriver.com/blog/成為自己/難過到感受不到自己的存在/,https://listenriver.com/blog/成為自己/難過到感受不到自己的存在/,"index, follow",[]
/blog/成為自己/魚深淵寓居於世/,200,https://listenriver.com/blog/成為自己/魚深淵寓居於世/,https://listenriver.com/blog/成為自己/魚深淵寓居於世/,"index, follow",[]
/blog/日常書寫/clubhouse的密室/,200,https://listenriver.com/blog/日常書寫/clubhouse的密室/,https://listenriver.com/blog/日常書寫/clubhouse的密室/,"index, follow",[]
/blog/日常書寫/clubhouse的療癒空間/,200,https://listenriver.com/blog/日常書寫/clubhouse的療癒空間/,https://listenriver.com/blog/日常書寫/clubhouse的療癒空間/,"index, follow",[]
/blog/日常書寫/一種抵達經驗的方式/,200,https://listenriver.com/blog/日常書寫/一種抵達經驗的方式/,https://listenriver.com/blog/日常書寫/一種抵達經驗的方式/,"index, follow",[]
/blog/日常書寫/人間出口性和慾望的詮釋/,200,https://listenriver.com/blog/日常書寫/人間出口性和慾望的詮釋/,https://listenriver.com/blog/日常書寫/人間出口性和慾望的詮釋/,"index, follow",[]
/blog/日常書寫/來自異次元的騷擾腦控受害者/,200,https://listenriver.com/blog/日常書寫/來自異次元的騷擾腦控受害者/,https://listenriver.com/blog/日常書寫/來自異次元的騷擾腦控受害者/,"index, follow",[]
/blog/日常書寫/如何理解時間的存在/,200,https://listenriver.com/blog/日常書寫/如何理解時間的存在/,https://listenriver.com/blog/日常書寫/如何理解時間的存在/,"index, follow",[]
/blog/日常書寫/如何看待暴力/,200,https://listenriver.com/blog/日常書寫/如何看待暴力/,https://listenriver.com/blog/日常書寫/如何看待暴力/,"index, follow",[]
/blog/日常書寫/掘光而行/,200,https://listenriver.com/blog/日常書寫/掘光而行/,https://listenriver.com/blog/日常書寫/掘光而行/,"index, follow",[]
/blog/日常書寫/整理書櫃有感/,200,https://listenriver.com/blog/日常書寫/整理書櫃有感/,https://listenriver.com/blog/日常書寫/整理書櫃有感/,"index, follow",[]
/blog/日常書寫/網頁架設學習歷程/,200,https://listenriver.com/blog/日常書寫/網頁架設學習歷程/,https://listenriver.com/blog/日常書寫/網頁架設學習歷程/,"index, follow",[]
/blog/日常書寫/美好的事物終將灰飛煙滅/,200,https://listenriver.com/blog/日常書寫/美好的事物終將灰飛煙滅/,https://listenriver.com/blog/日常書寫/美好的事物終將灰飛煙滅/,"index, follow",[]
/blog/日常書寫/蜷縮停滯暗之惡魔/,200,https://listenriver.com/blog/日常書寫/蜷縮停滯暗之惡魔/,https://listenriver.com/blog/日常書寫/蜷縮停滯暗之惡魔/,"index, follow",[]
/blog/日常書寫/關於語言的反思/,200,https://listenriver.com/blog/日常書寫/關於語言的反思/,https://listenriver.com/blog/日常書寫/關於語言的反思/,"index, follow",[]
/blog/書摘/人行道/,200,https://listenriver.com/blog/書摘/人行道/,https://listenriver.com/blog/書摘/人行道/,"index, follow",[]
/blog/書摘/修身與齊家/,200,https://listenriver.com/blog/書摘/修身與齊家/,https://listenriver.com/blog/書摘/修身與齊家/,"index, follow",[]
/blog/書摘/凝視太陽/,200,https://listenriver.com/blog/書摘/凝視太陽/,https://listenriver.com/blog/書摘/凝視太陽/,"index, follow",[]
/blog/書摘/到達彼岸的智慧/,200,https://listenriver.com/blog/書摘/到達彼岸的智慧/,https://listenriver.com/blog/書摘/到達彼岸的智慧/,"index, follow",[]
/blog/書摘/割腕的誘惑/,200,https://listenriver.com/blog/書摘/割腕的誘惑/,https://listenriver.com/blog/書摘/割腕的誘惑/,"index, follow",[]
/blog/書摘/危殆生活/,200,https://listenriver.com/blog/書摘/危殆生活/,https://listenriver.com/blog/書摘/危殆生活/,"index, follow",[]
/blog/書摘/如何謀殺一座城市/,200,https://listenriver.com/blog/書摘/如何謀殺一座城市/,https://listenriver.com/blog/書摘/如何謀殺一座城市/,"index, follow",[]
/blog/書摘/學習家族治療/,200,https://listenriver.com/blog/書摘/學習家族治療/,https://listenriver.com/blog/書摘/學習家族治療/,"index, follow",[]
/blog/書摘/家庭會傷人/,200,https://listenriver.com/blog/書摘/家庭會傷人/,https://listenriver.com/blog/書摘/家庭會傷人/,"index, follow",[]
/blog/書摘/尋找復原力/,200,https://listenriver.com/blog/書摘/尋找復原力/,https://listenriver.com/blog/書摘/尋找復原力/,"index, follow",[]
/blog/書摘/成為一個人/,200,https://listenriver.com/blog/書摘/成為一個人/,https://listenriver.com/blog/書摘/成為一個人/,"index, follow",[]
/blog/書摘/找回家庭的療癒力/,200,https://listenriver.com/blog/書摘/找回家庭的療癒力/,https://listenriver.com/blog/書摘/找回家庭的療癒力/,"index, follow",[]
/blog/書摘/擁抱陰影/,200,https://listenriver.com/blog/書摘/擁抱陰影/,https://listenriver.com/blog/書摘/擁抱陰影/,"index, follow",[]
/blog/書摘/敘事治療工作地圖/,200,https://listenriver.com/blog/書摘/敘事治療工作地圖/,https://listenriver.com/blog/書摘/敘事治療工作地圖/,"index, follow",[]
/blog/書摘/旁觀他人之痛苦/,200,https://listenriver.com/blog/書摘/旁觀他人之痛苦/,https://listenriver.com/blog/書摘/旁觀他人之痛苦/,"index, follow",[]
/blog/書摘/正念生活的藝術/,200,https://listenriver.com/blog/書摘/正念生活的藝術/,https://listenriver.com/blog/書摘/正念生活的藝術/,"index, follow",[]
/blog/書摘/流浪者之歌/,200,https://listenriver.com/blog/書摘/流浪者之歌/,https://listenriver.com/blog/書摘/流浪者之歌/,"index, follow",[]
/blog/書摘/為何建制民族誌如此強大/,200,https://listenriver.com/blog/書摘/為何建制民族誌如此強大/,https://listenriver.com/blog/書摘/為何建制民族誌如此強大/,"index, follow",[]
/blog/書摘/無痛思維/,200,https://listenriver.com/blog/書摘/無痛思維/,https://listenriver.com/blog/書摘/無痛思維/,"index, follow",[]
/blog/書摘/現象學十四講/,200,https://listenriver.com/blog/書摘/現象學十四講/,https://listenriver.com/blog/書摘/現象學十四講/,"index, follow",[]
/blog/書摘/疾病的隱喻/,200,https://listenriver.com/blog/書摘/疾病的隱喻/,https://listenriver.com/blog/書摘/疾病的隱喻/,"index, follow",[]
/blog/書摘/病從所願/,200,https://listenriver.com/blog/書摘/病從所願/,https://listenriver.com/blog/書摘/病從所願/,"index, follow",[]
/blog/書摘/聆聽疼痛/,200,https://listenriver.com/blog/書摘/聆聽疼痛/,https://listenriver.com/blog/書摘/聆聽疼痛/,"index, follow",[]
/blog/書摘/英雄之旅/,200,https://listenriver.com/blog/書摘/英雄之旅/,https://listenriver.com/blog/書摘/英雄之旅/,"index, follow",[]
/blog/書摘/見佛殺佛/,200,https://listenriver.com/blog/書摘/見佛殺佛/,https://listenriver.com/blog/書摘/見佛殺佛/,"index, follow",[]
/blog/書摘/開放對話期待對話/,200,https://listenriver.com/blog/書摘/開放對話期待對話/,https://listenriver.com/blog/書摘/開放對話期待對話/,"index, follow",[]
/blog/書摘/關係的評估與修復/,200,https://listenriver.com/blog/書摘/關係的評估與修復/,https://listenriver.com/blog/書摘/關係的評估與修復/,"index, follow",[]
/blog/書摘/障礙政治/,200,https://listenriver.com/blog/書摘/障礙政治/,https://listenriver.com/blog/書摘/障礙政治/,"index, follow",[]
/blog/疼痛書寫/疼痛意識流/,200,https://listenriver.com/blog/疼痛書寫/疼痛意識流/,https://listenriver.com/blog/疼痛書寫/疼痛意識流/,"index, follow",[]
/blog/疼痛書寫/疼痛憂鬱失聲/,200,https://listenriver.com/blog/疼痛書寫/疼痛憂鬱失聲/,https://listenriver.com/blog/疼痛書寫/疼痛憂鬱失聲/,"index, follow",[]
/blog/疼痛書寫/疼痛日記/,200,https://listenriver.com/blog/疼痛書寫/疼痛日記/,https://listenriver.com/blog/疼痛書寫/疼痛日記/,"index, follow",[]
/blog/疼痛書寫/疼痛是比較級的/,200,https://listenriver.com/blog/疼痛書寫/疼痛是比較級的/,https://listenriver.com/blog/疼痛書寫/疼痛是比較級的/,"index, follow",[]
/blog/疼痛書寫/疼痛是鬼/,200,https://listenriver.com/blog/疼痛書寫/疼痛是鬼/,https://listenriver.com/blog/疼痛書寫/疼痛是鬼/,"index, follow",[]
/blog/疼痛書寫/髒血/,200,https://listenriver.com/blog/疼痛書寫/髒血/,https://listenriver.com/blog/疼痛書寫/髒血/,"index, follow",[]
/blog/病痛經驗/01論疾病/,200,https://listenriver.com/blog/病痛經驗/01論疾病/,https://listenriver.com/blog/病痛經驗/01論疾病/,"index, follow",[]
/blog/病痛經驗/住院記擁抱陰影/,200,https://listenriver.com/blog/病痛經驗/住院記擁抱陰影/,https://listenriver.com/blog/病痛經驗/住院記擁抱陰影/,"index, follow",[]
/blog/病痛經驗/定期回診/,200,https://listenriver.com/blog/病痛經驗/定期回診/,https://listenriver.com/blog/病痛經驗/定期回診/,"index, follow",[]
/blog/病痛經驗/標本凝視與被凝視/,200,https://listenriver.com/blog/病痛經驗/標本凝視與被凝視/,https://listenriver.com/blog/病痛經驗/標本凝視與被凝視/,"index, follow",[]
/blog/病痛經驗/疼痛的意義是襯托生命/,200,https://listenriver.com/blog/病痛經驗/疼痛的意義是襯托生命/,https://listenriver.com/blog/病痛經驗/疼痛的意義是襯托生命/,"index, follow",[]
/blog/病痛經驗/第三次住院在張力之中呼吸/,200,https://listenriver.com/blog/病痛經驗/第三次住院在張力之中呼吸/,https://listenriver.com/blog/病痛經驗/第三次住院在張力之中呼吸/,"index, follow",[]
/blog/病痛經驗/課堂報告小結/,200,https://listenriver.com/blog/病痛經驗/課堂報告小結/,https://listenriver.com/blog/病痛經驗/課堂報告小結/,"index, follow",[]
/blog/病痛經驗/鏡子隱喻建立存在感/,200,https://listenriver.com/blog/病痛經驗/鏡子隱喻建立存在感/,https://listenriver.com/blog/病痛經驗/鏡子隱喻建立存在感/,"index, follow",[]
/blog/病痛經驗/關於自我揭露/,200,https://listenriver.com/blog/病痛經驗/關於自我揭露/,https://listenriver.com/blog/病痛經驗/關於自我揭露/,"index, follow",[]
/blog/素描/01盲畫/,200,https://listenriver.com/blog/素描/01盲畫/,https://listenriver.com/blog/素描/01盲畫/,"index, follow",[]
/blog/素描/02負形/,200,https://listenriver.com/blog/素描/02負形/,https://listenriver.com/blog/素描/02負形/,"index, follow",[]
/blog/素描/03繼續負形/,200,https://listenriver.com/blog/素描/03繼續負形/,https://listenriver.com/blog/素描/03繼續負形/,"index, follow",[]
/blog/素描/04立體感是一種深度的錯覺/,200,https://listenriver.com/blog/素描/04立體感是一種深度的錯覺/,https://listenriver.com/blog/素描/04立體感是一種深度的錯覺/,"index, follow",[]
/blog/素描/05亮暗面光影色階/,200,https://listenriver.com/blog/素描/05亮暗面光影色階/,https://listenriver.com/blog/素描/05亮暗面光影色階/,"index, follow",[]
/blog/素描/06繼續光影色階/,200,https://listenriver.com/blog/素描/06繼續光影色階/,https://listenriver.com/blog/素描/06繼續光影色階/,"index, follow",[]
/blog/素描/07形準比例感切圓術/,200,https://listenriver.com/blog/素描/07形準比例感切圓術/,https://listenriver.com/blog/素描/07形準比例感切圓術/,"index, follow",[]
/blog/素描/08透視塞尚矩形/,200,https://listenriver.com/blog/素描/08透視塞尚矩形/,https://listenriver.com/blog/素描/08透視塞尚矩形/,"index, follow",[]
/blog/素描/09捏陶的素描/,200,https://listenriver.com/blog/素描/09捏陶的素描/,https://listenriver.com/blog/素描/09捏陶的素描/,"index, follow",[]
/blog/素描/10編織的素描/,200,https://listenriver.com/blog/素描/10編織的素描/,https://listenriver.com/blog/素描/10編織的素描/,"index, follow",[]
/blog/素描/11補捉場景/,200,https://listenriver.com/blog/素描/11補捉場景/,https://listenriver.com/blog/素描/11補捉場景/,"index, follow",[]
/blog/素描/12人臉/,200,https://listenriver.com/blog/素描/12人臉/,https://listenriver.com/blog/素描/12人臉/,"index, follow",[]
/blog/素描/13實在感/,200,https://listenriver.com/blog/素描/13實在感/,https://listenriver.com/blog/素描/13實在感/,"index, follow",[]
/blog/聆聽疼痛計畫/00撿拾疼痛的碎片/,200,https://listenriver.com/blog/聆聽疼痛計畫/00撿拾疼痛的碎片/,https://listenriver.com/blog/聆聽疼痛計畫/00撿拾疼痛的碎片/,"index, follow",[]
/blog/聆聽疼痛計畫/01近況分享/,200,https://listenriver.com/blog/聆聽疼痛計畫/01近況分享/,https://listenriver.com/blog/聆聽疼痛計畫/01近況分享/,"index, follow",[]
/blog/聆聽疼痛計畫/02成果發表/,200,https://listenriver.com/blog/聆聽疼痛計畫/02成果發表/,https://listenriver.com/blog/聆聽疼痛計畫/02成果發表/,"index, follow",[]
/blog/聆聽疼痛計畫/03僵直性脊椎炎/,200,https://listenriver.com/blog/聆聽疼痛計畫/03僵直性脊椎炎/,https://listenriver.com/blog/聆聽疼痛計畫/03僵直性脊椎炎/,"index, follow",[]
/blog/聆聽疼痛計畫/04未知疼痛/,200,https://listenriver.com/blog/聆聽疼痛計畫/04未知疼痛/,https://listenriver.com/blog/聆聽疼痛計畫/04未知疼痛/,"index, follow",[]
/blog/聆聽疼痛計畫/05生理期疼痛/,200,https://listenriver.com/blog/聆聽疼痛計畫/05生理期疼痛/,https://listenriver.com/blog/聆聽疼痛計畫/05生理期疼痛/,"index, follow",[]
/blog/聆聽疼痛計畫/06貝西氏症/,200,https://listenriver.com/blog/聆聽疼痛計畫/06貝西氏症/,https://listenriver.com/blog/聆聽疼痛計畫/06貝西氏症/,"index, follow",[]
/blog/聆聽疼痛計畫/07腰部肌肉纖維化/,200,https://listenriver.com/blog/聆聽疼痛計畫/07腰部肌肉纖維化/,https://listenriver.com/blog/聆聽疼痛計畫/07腰部肌肉纖維化/,"index, follow",[]
/blog/聆聽疼痛計畫/08胃痛/,200,https://listenriver.com/blog/聆聽疼痛計畫/08胃痛/,https://listenriver.com/blog/聆聽疼痛計畫/08胃痛/,"index, follow",[]
/blog/聆聽疼痛計畫/09腕隧道症候群/,200,https://listenriver.com/blog/聆聽疼痛計畫/09腕隧道症候群/,https://listenriver.com/blog/聆聽疼痛計畫/09腕隧道症候群/,"index, follow",[]
/blog/聆聽疼痛計畫/10心臟瓣膜疼痛/,200,https://listenriver.com/blog/聆聽疼痛計畫/10心臟瓣膜疼痛/,https://listenriver.com/blog/聆聽疼痛計畫/10心臟瓣膜疼痛/,"index, follow",[]
/blog/聆聽疼痛計畫/11自傷疼痛/,200,https://listenriver.com/blog/聆聽疼痛計畫/11自傷疼痛/,https://listenriver.com/blog/聆聽疼痛計畫/11自傷疼痛/,"index, follow",[]
/blog/講座筆記/建制民族誌逐字稿整理/,200,https://listenriver.com/blog/講座筆記/建制民族誌逐字稿整理/,https://listenriver.com/blog/講座筆記/建制民族誌逐字稿整理/,"index, follow",[]
/blog/講座筆記/待人一條相互映照之路/,200,https://listenriver.com/blog/講座筆記/待人一條相互映照之路/,https://listenriver.com/blog/講座筆記/待人一條相互映照之路/,"index, follow",[]
/blog/講座筆記/用音樂做運動/,200,https://listenriver.com/blog/講座筆記/用音樂做運動/,https://listenriver.com/blog/講座筆記/用音樂做運動/,"index, follow",[]
/blog/講座筆記/般若心經短講/,200,https://listenriver.com/blog/講座筆記/般若心經短講/,https://listenriver.com/blog/講座筆記/般若心經短講/,"index, follow",[]
/blog/邁向助人工作/,404,https://listenriver.com/blog/助人工作/,https://listenriver.com/404.html,"index, follow","[{""status"": 301, ""location"": ""/blog/助人工作/""}]"
/blog/開放式對話/人們用行動在對話/,200,https://listenriver.com/blog/開放式對話/人們用行動在對話/,https://listenriver.com/blog/開放式對話/人們用行動在對話/,"index, follow",[]
/blog/開放式對話/內在透明化/,200,https://listenriver.com/blog/開放式對話/內在透明化/,https://listenriver.com/blog/開放式對話/內在透明化/,"index, follow",[]
/blog/開放式對話/對話本身就是行動/,200,https://listenriver.com/blog/開放式對話/對話本身就是行動/,https://listenriver.com/blog/開放式對話/對話本身就是行動/,"index, follow",[]
/blog/開放式對話/肯認每一種聲音的存在/,200,https://listenriver.com/blog/開放式對話/肯認每一種聲音的存在/,https://listenriver.com/blog/開放式對話/肯認每一種聲音的存在/,"index, follow",[]
/blog/開放式對話/課後筆記01/,200,https://listenriver.com/blog/開放式對話/課後筆記01/,https://listenriver.com/blog/開放式對話/課後筆記01/,"index, follow",[]
/blog/開放式對話/課後筆記02/,200,https://listenriver.com/blog/開放式對話/課後筆記02/,https://listenriver.com/blog/開放式對話/課後筆記02/,"index, follow",[]
/blog/開放式對話/進階工作坊01/,200,https://listenriver.com/blog/開放式對話/進階工作坊01/,https://listenriver.com/blog/開放式對話/進階工作坊01/,"index, follow",[]
/blog/開放式對話/進階工作坊02/,200,https://listenriver.com/blog/開放式對話/進階工作坊02/,https://listenriver.com/blog/開放式對話/進階工作坊02/,"index, follow",[]
/blog/閱讀心得/修身與齊家/,200,https://listenriver.com/blog/閱讀心得/修身與齊家/,https://listenriver.com/blog/閱讀心得/修身與齊家/,"index, follow",[]
/blog/閱讀心得/凝視太陽/,200,https://listenriver.com/blog/閱讀心得/凝視太陽/,https://listenriver.com/blog/閱讀心得/凝視太陽/,"index, follow",[]
/blog/閱讀心得/到達彼岸的智慧/,200,https://listenriver.com/blog/閱讀心得/到達彼岸的智慧/,https://listenriver.com/blog/閱讀心得/到達彼岸的智慧/,"index, follow",[]
/blog/閱讀心得/割腕的誘惑/,200,https://listenriver.com/blog/閱讀心得/割腕的誘惑/,https://listenriver.com/blog/閱讀心得/割腕的誘惑/,"index, follow",[]
/blog/閱讀心得/危殆生活/,200,https://listenriver.com/blog/閱讀心得/危殆生活/,https://listenriver.com/blog/閱讀心得/危殆生活/,"index, follow",[]
/blog/閱讀心得/圖騰與禁忌/,200,https://listenriver.com/blog/閱讀心得/圖騰與禁忌/,https://listenriver.com/blog/閱讀心得/圖騰與禁忌/,"index, follow",[]
/blog/閱讀心得/失控的正向思考/,200,https://listenriver.com/blog/閱讀心得/失控的正向思考/,https://listenriver.com/blog/閱讀心得/失控的正向思考/,"index, follow",[]
/blog/閱讀心得/家庭會傷人/,200,https://listenriver.com/blog/閱讀心得/家庭會傷人/,https://listenriver.com/blog/閱讀心得/家庭會傷人/,"index, follow",[]
/blog/閱讀心得/尋找復原力/,200,https://listenriver.com/blog/閱讀心得/尋找復原力/,https://listenriver.com/blog/閱讀心得/尋找復原力/,"index, follow",[]
/blog/閱讀心得/成為一個人/,200,https://listenriver.com/blog/閱讀心得/成為一個人/,https://listenriver.com/blog/閱讀心得/成為一個人/,"index, follow",[]
/blog/閱讀心得/打從心底/,200,https://listenriver.com/blog/閱讀心得/打從心底/,https://listenriver.com/blog/閱讀心得/打從心底/,"index, follow",[]
/blog/閱讀心得/找回家庭的療癒力/,200,https://listenriver.com/blog/閱讀心得/找回家庭的療癒力/,https://listenriver.com/blog/閱讀心得/找回家庭的療癒力/,"index, follow",[]
/blog/閱讀心得/擁抱陰影/,200,https://listenriver.com/blog/閱讀心得/擁抱陰影/,https://listenriver.com/blog/閱讀心得/擁抱陰影/,"index, follow",[]
/blog/閱讀心得/正念生活的藝術/,200,https://listenriver.com/blog/閱讀心得/正念生活的藝術/,https://listenriver.com/blog/閱讀心得/正念生活的藝術/,"index, follow",[]
/blog/閱讀心得/水母與搖滾/,200,https://listenriver.com/blog/閱讀心得/水母與搖滾/,https://listenriver.com/blog/閱讀心得/水母與搖滾/,"index, follow",[]
/blog/閱讀心得/沒用的東西/,200,https://listenriver.com/blog/閱讀心得/沒用的東西/,https://listenriver.com/blog/閱讀心得/沒用的東西/,"index, follow",[]
/blog/閱讀心得/為何建制民族誌如此強大/,200,https://listenriver.com/blog/閱讀心得/為何建制民族誌如此強大/,https://listenriver.com/blog/閱讀心得/為何建制民族誌如此強大/,"index, follow",[]
/blog/閱讀心得/無痛思維/,200,https://listenriver.com/blog/閱讀心得/無痛思維/,https://listenriver.com/blog/閱讀心得/無痛思維/,"index, follow",[]
/blog/閱讀心得/現象學十四講/,200,https://listenriver.com/blog/閱讀心得/現象學十四講/,https://listenriver.com/blog/閱讀心得/現象學十四講/,"index, follow",[]
/blog/閱讀心得/病從所願/,200,https://listenriver.com/blog/閱讀心得/病從所願/,https://listenriver.com/blog/閱讀心得/病從所願/,"index, follow",[]
/blog/閱讀心得/聆聽疼痛/,200,https://listenriver.com/blog/閱讀心得/聆聽疼痛/,https://listenriver.com/blog/閱讀心得/聆聽疼痛/,"index, follow",[]
/blog/閱讀心得/英雄之旅/,200,https://listenriver.com/blog/閱讀心得/英雄之旅/,https://listenriver.com/blog/閱讀心得/英雄之旅/,"index, follow",[]
/blog/閱讀心得/見佛殺佛/,200,https://listenriver.com/blog/閱讀心得/見佛殺佛/,https://listenriver.com/blog/閱讀心得/見佛殺佛/,"index, follow",[]
/blog/閱讀心得/討厭的人都跌倒吧/,200,https://listenriver.com/blog/閱讀心得/討厭的人都跌倒吧/,https://listenriver.com/blog/閱讀心得/討厭的人都跌倒吧/,"index, follow",[]
/blog/閱讀心得/跟一棵樹聊天/,200,https://listenriver.com/blog/閱讀心得/跟一棵樹聊天/,https://listenriver.com/blog/閱讀心得/跟一棵樹聊天/,"index, follow",[]
/blog/閱讀心得/追逐尖叫/,200,https://listenriver.com/blog/閱讀心得/追逐尖叫/,https://listenriver.com/blog/閱讀心得/追逐尖叫/,"index, follow",[]
/blog/閱讀心得/障礙政治/,200,https://listenriver.com/blog/閱讀心得/障礙政治/,https://listenriver.com/blog/閱讀心得/障礙政治/,"index, follow",[]
/blog/電影心得/av帝王/,200,https://listenriver.com/blog/電影心得/av帝王/,https://listenriver.com/blog/電影心得/av帝王/,"index, follow",[]
/blog/電影心得/你我的解放相同/,200,https://listenriver.com/blog/電影心得/你我的解放相同/,https://listenriver.com/blog/電影心得/你我的解放相同/,"index, follow",[]
/blog/電影心得/創傷的智慧/,200,https://listenriver.com/blog/電影心得/創傷的智慧/,https://listenriver.com/blog/電影心得/創傷的智慧/,"index, follow",[]
/blog/電影心得/千年女優/,200,https://listenriver.com/blog/電影心得/千年女優/,https://listenriver.com/blog/電影心得/千年女優/,"index, follow",[]
/blog/電影心得/午夜福音e1/,200,https://listenriver.com/blog/電影心得/午夜福音e1/,https://listenriver.com/blog/電影心得/午夜福音e1/,"index, follow",[]
/blog/電影心得/午夜福音e3/,200,https://listenriver.com/blog/電影心得/午夜福音e3/,https://listenriver.com/blog/電影心得/午夜福音e3/,"index, follow",[]
/blog/電影心得/午夜福音e4/,200,https://listenriver.com/blog/電影心得/午夜福音e4/,https://listenriver.com/blog/電影心得/午夜福音e4/,"index, follow",[]
/blog/電影心得/午夜福音e5/,200,https://listenriver.com/blog/電影心得/午夜福音e5/,https://listenriver.com/blog/電影心得/午夜福音e5/,"index, follow",[]
/blog/電影心得/午夜福音e6/,200,https://listenriver.com/blog/電影心得/午夜福音e6/,https://listenriver.com/blog/電影心得/午夜福音e6/,"index, follow",[]
/blog/電影心得/嘻哈是化痛苦為力量反擊的語言/,200,https://listenriver.com/blog/電影心得/嘻哈是化痛苦為力量反擊的語言/,https://listenriver.com/blog/電影心得/嘻哈是化痛苦為力量反擊的語言/,"index, follow",[]
/blog/電影心得/夏日大作戰/,200,https://listenriver.com/blog/電影心得/夏日大作戰/,https://listenriver.com/blog/電影心得/夏日大作戰/,"index, follow",[]
/blog/電影心得/妄想代理人/,200,https://listenriver.com/blog/電影心得/妄想代理人/,https://listenriver.com/blog/電影心得/妄想代理人/,"index, follow",[]
/blog/電影心得/媽的多重宇宙01/,200,https://listenriver.com/blog/電影心得/媽的多重宇宙01/,https://listenriver.com/blog/電影心得/媽的多重宇宙01/,"index, follow",[]
/blog/電影心得/媽的多重宇宙02/,200,https://listenriver.com/blog/電影心得/媽的多重宇宙02/,https://listenriver.com/blog/電影心得/媽的多重宇宙02/,"index, follow",[]
/blog/電影心得/性愛自修室/,200,https://listenriver.com/blog/電影心得/性愛自修室/,https://listenriver.com/blog/電影心得/性愛自修室/,"index, follow",[]
/blog/電影心得/橫山家之味/,200,https://listenriver.com/blog/電影心得/橫山家之味/,https://listenriver.com/blog/電影心得/橫山家之味/,"index, follow",[]
/blog/電影心得/母子情劫/,200,https://listenriver.com/blog/電影心得/母子情劫/,https://listenriver.com/blog/電影心得/母子情劫/,"index, follow",[]
/blog/電影心得/比海還深/,200,https://listenriver.com/blog/電影心得/比海還深/,https://listenriver.com/blog/電影心得/比海還深/,"index, follow",[]
/blog/電影心得/河畔小日子/,200,https://listenriver.com/blog/電影心得/河畔小日子/,https://listenriver.com/blog/電影心得/河畔小日子/,"index, follow",[]
/blog/電影心得/流麻溝十五號/,200,https://listenriver.com/blog/電影心得/流麻溝十五號/,https://listenriver.com/blog/電影心得/流麻溝十五號/,"index, follow",[]
/blog/電影心得/無人知曉的夏日清晨/,200,https://listenriver.com/blog/電影心得/無人知曉的夏日清晨/,https://listenriver.com/blog/電影心得/無人知曉的夏日清晨/,"index, follow",[]
/blog/電影心得/無人能怪罪才是最痛苦的/,200,https://listenriver.com/blog/電影心得/無人能怪罪才是最痛苦的/,https://listenriver.com/blog/電影心得/無人能怪罪才是最痛苦的/,"index, follow",[]
/blog/電影心得/無恥之徒/,200,https://listenriver.com/blog/電影心得/無恥之徒/,https://listenriver.com/blog/電影心得/無恥之徒/,"index, follow",[]
/blog/電影心得/瑪莉娜的512小時/,200,https://listenriver.com/blog/電影心得/瑪莉娜的512小時/,https://listenriver.com/blog/電影心得/瑪莉娜的512小時/,"index, follow",[]
/blog/電影心得/神隱少女/,200,https://listenriver.com/blog/電影心得/神隱少女/,https://listenriver.com/blog/電影心得/神隱少女/,"index, follow",[]
/blog/電影心得/紐約大國民珍雅各/,200,https://listenriver.com/blog/電影心得/紐約大國民珍雅各/,https://listenriver.com/blog/電影心得/紐約大國民珍雅各/,"index, follow",[]
/blog/電影心得/綠洲/,200,https://listenriver.com/blog/電影心得/綠洲/,https://listenriver.com/blog/電影心得/綠洲/,"index, follow",[]
/blog/電影心得/艾格妮撿風景01/,200,https://listenriver.com/blog/電影心得/艾格妮撿風景01/,https://listenriver.com/blog/電影心得/艾格妮撿風景01/,"index, follow",[]
/blog/電影心得/艾格妮撿風景02/,200,https://listenriver.com/blog/電影心得/艾格妮撿風景02/,https://listenriver.com/blog/電影心得/艾格妮撿風景02/,"index, follow",[]
/blog/電影心得/范保德/,200,https://listenriver.com/blog/電影心得/范保德/,https://listenriver.com/blog/電影心得/范保德/,"index, follow",[]
/blog/電影心得/鄰家兄弟/,200,https://listenriver.com/blog/電影心得/鄰家兄弟/,https://listenriver.com/blog/電影心得/鄰家兄弟/,"index, follow",[]
/blog/電影心得/阿鼻/,200,https://listenriver.com/blog/電影心得/阿鼻/,https://listenriver.com/blog/電影心得/阿鼻/,"index, follow",[]
/categories/,200,https://listenriver.com/categories/,https://listenriver.com/categories/,"index, follow",[]
/categories/助人工作/,200,https://listenriver.com/categories/助人工作/,https://listenriver.com/categories/助人工作/,"index, follow",[]
/categories/助人工作/page/2/,200,https://listenriver.com/categories/助人工作/page/2/,https://listenriver.com/categories/助人工作/,"index, follow",[]
/categories/助人工作/page/3/,200,https://listenriver.com/categories/助人工作/page/3/,https://listenriver.com/categories/助人工作/,"index, follow",[]
/categories/助人工作/page/4/,200,https://listenriver.com/categories/助人工作/page/4/,https://listenriver.com/categories/助人工作/,"index, follow",[]
/categories/助人工作/page/5/,200,https://listenriver.com/categories/助人工作/page/5/,https://listenriver.com/categories/助人工作/,"index, follow",[]
/categories/助人工作/page/6/,200,https://listenriver.com/categories/助人工作/page/6/,https://listenriver.com/categories/助人工作/,"index, follow",[]
/categories/助人工作/page/7/,200,https://listenriver.com/categories/助人工作/page/7/,https://listenriver.com/categories/助人工作/,"index, follow",[]
/categories/成為自己/,200,https://listenriver.com/categories/成為自己/,https://listenriver.com/categories/成為自己/,"index, follow",[]
/categories/成為自己/page/2/,200,https://listenriver.com/categories/成為自己/page/2/,https://listenriver.com/categories/成為自己/,"index, follow",[]
/categories/成為自己/page/3/,200,https://listenriver.com/categories/成為自己/page/3/,https://listenriver.com/categories/成為自己/,"index, follow",[]
/categories/成為自己/page/4/,200,https://listenriver.com/categories/成為自己/page/4/,https://listenriver.com/categories/成為自己/,"index, follow",[]
/categories/日常書寫/,200,https://listenriver.com/categories/日常書寫/,https://listenriver.com/categories/日常書寫/,"index, follow",[]
/categories/日常書寫/page/2/,200,https://listenriver.com/categories/日常書寫/page/2/,https://listenriver.com/categories/日常書寫/,"index, follow",[]
/categories/日常書寫/page/3/,200,https://listenriver.com/categories/日常書寫/page/3/,https://listenriver.com/categories/日常書寫/,"index, follow",[]
/categories/日常書寫/page/4/,200,https://listenriver.com/categories/日常書寫/page/4/,https://listenriver.com/categories/日常書寫/,"index, follow",[]
/categories/病痛經驗/,200,https://listenriver.com/categories/病痛經驗/,https://listenriver.com/categories/病痛經驗/,"index, follow",[]
/categories/病痛經驗/page/2/,200,https://listenriver.com/categories/病痛經驗/page/2/,https://listenriver.com/categories/病痛經驗/,"index, follow",[]
/categories/閱讀與筆記/,200,https://listenriver.com/categories/閱讀與筆記/,https://listenriver.com/categories/閱讀與筆記/,"index, follow",[]
/categories/閱讀與筆記/page/10/,200,https://listenriver.com/categories/閱讀與筆記/page/10/,https://listenriver.com/categories/閱讀與筆記/,"index, follow",[]
/categories/閱讀與筆記/page/11/,200,https://listenriver.com/categories/閱讀與筆記/page/11/,https://listenriver.com/categories/閱讀與筆記/,"index, follow",[]
/categories/閱讀與筆記/page/12/,200,https://listenriver.com/categories/閱讀與筆記/page/12/,https://listenriver.com/categories/閱讀與筆記/,"index, follow",[]
/categories/閱讀與筆記/page/2/,200,https://listenriver.com/categories/閱讀與筆記/page/2/,https://listenriver.com/categories/閱讀與筆記/,"index, follow",[]
/categories/閱讀與筆記/page/3/,200,https://listenriver.com/categories/閱讀與筆記/page/3/,https://listenriver.com/categories/閱讀與筆記/,"index, follow",[]
/categories/閱讀與筆記/page/4/,200,https://listenriver.com/categories/閱讀與筆記/page/4/,https://listenriver.com/categories/閱讀與筆記/,"index, follow",[]
/categories/閱讀與筆記/page/5/,200,https://listenriver.com/categories/閱讀與筆記/page/5/,https://listenriver.com/categories/閱讀與筆記/,"index, follow",[]
/categories/閱讀與筆記/page/6/,200,https://listenriver.com/categories/閱讀與筆記/page/6/,https://listenriver.com/categories/閱讀與筆記/,"index, follow",[]
/categories/閱讀與筆記/page/7/,200,https://listenriver.com/categories/閱讀與筆記/page/7/,https://listenriver.com/categories/閱讀與筆記/,"index, follow",[]
/categories/閱讀與筆記/page/8/,200,https://listenriver.com/categories/閱讀與筆記/page/8/,https://listenriver.com/categories/閱讀與筆記/,"index, follow",[]
/categories/閱讀與筆記/page/9/,200,https://listenriver.com/categories/閱讀與筆記/page/9/,https://listenriver.com/categories/閱讀與筆記/,"index, follow",[]
/clubhouse/,200,https://listenriver.com/clubhouse/,https://listenriver.com/clubhouse/,"index, follow",[]
/clubhouse/page/2/,200,https://listenriver.com/clubhouse/page/2/,https://listenriver.com/clubhouse/,"index, follow",[]
/clubhouse/page/3/,200,https://listenriver.com/clubhouse/page/3/,https://listenriver.com/clubhouse/,"index, follow",[]
/clubhouse/page/4/,200,https://listenriver.com/clubhouse/page/4/,https://listenriver.com/clubhouse/,"index, follow",[]
/clubhouse/會所實習/,200,https://listenriver.com/clubhouse/會所實習/,https://listenriver.com/clubhouse/會所實習/,"index, follow",[]
/clubhouse/會所實習/01初入會所的觀察/,200,https://listenriver.com/clubhouse/會所實習/01初入會所的觀察/,https://listenriver.com/clubhouse/會所實習/01初入會所的觀察/,"index, follow",[]
/clubhouse/會所實習/02幻聽與疼痛是不可見的受苦/,200,https://listenriver.com/clubhouse/會所實習/02幻聽與疼痛是不可見的受苦/,https://listenriver.com/clubhouse/會所實習/02幻聽與疼痛是不可見的受苦/,"index, follow",[]
/clubhouse/會所實習/03期中實習結束/,200,https://listenriver.com/clubhouse/會所實習/03期中實習結束/,https://listenriver.com/clubhouse/會所實習/03期中實習結束/,"index, follow",[]
/clubhouse/會所實習/04承認無知真誠表達與夥伴關係/,200,https://listenriver.com/clubhouse/會所實習/04承認無知真誠表達與夥伴關係/,https://listenriver.com/clubhouse/會所實習/04承認無知真誠表達與夥伴關係/,"index, follow",[]
/clubhouse/會所實習/05與會員h訂計畫/,200,https://listenriver.com/clubhouse/會所實習/05與會員h訂計畫/,https://listenriver.com/clubhouse/會所實習/05與會員h訂計畫/,"index, follow",[]
/clubhouse/會所實習/06如實/,200,https://listenriver.com/clubhouse/會所實習/06如實/,https://listenriver.com/clubhouse/會所實習/06如實/,"index, follow",[]
/clubhouse/會所實習/07實習總報告/,200,https://listenriver.com/clubhouse/會所實習/07實習總報告/,https://listenriver.com/clubhouse/會所實習/07實習總報告/,"index, follow",[]
/clubhouse/會所工作手冊/,200,https://listenriver.com/clubhouse/會所工作手冊/,https://listenriver.com/clubhouse/會所工作手冊/,"index, follow",[]
/clubhouse/會所工作手冊/01慾望驅力動力/,200,https://listenriver.com/clubhouse/會所工作手冊/01慾望驅力動力/,https://listenriver.com/clubhouse/會所工作手冊/01慾望驅力動力/,"index, follow",[]
/clubhouse/會所工作手冊/02為自己做決定即是成為自己/,200,https://listenriver.com/clubhouse/會所工作手冊/02為自己做決定即是成為自己/,https://listenriver.com/clubhouse/會所工作手冊/02為自己做決定即是成為自己/,"index, follow",[]
/clubhouse/會所工作手冊/04以靜制動/,200,https://listenriver.com/clubhouse/會所工作手冊/04以靜制動/,https://listenriver.com/clubhouse/會所工作手冊/04以靜制動/,"index, follow",[]
/clubhouse/會所工作手冊/05忍不住氣不過沉住氣/,200,https://listenriver.com/clubhouse/會所工作手冊/05忍不住氣不過沉住氣/,https://listenriver.com/clubhouse/會所工作手冊/05忍不住氣不過沉住氣/,"index, follow",[]
/clubhouse/會所工作日誌/,200,https://listenriver.com/clubhouse/會所工作日誌/,https://listenriver.com/clubhouse/會所工作日誌/,"index, follow",[]
/clubhouse/會所工作日誌/01工作一個月/,200,https://listenriver.com/clubhouse/會所工作日誌/01工作一個月/,https://listenriver.com/clubhouse/會所工作日誌/01工作一個月/,"index, follow",[]
/clubhouse/會所工作日誌/02緊握垃圾的力道/,200,https://listenriver.com/clubhouse/會所工作日誌/02緊握垃圾的力道/,https://listenriver.com/clubhouse/會所工作日誌/02緊握垃圾的力道/,"index, follow",[]
/clubhouse/會所工作日誌/03回顧會員f來會所的學習/,200,https://listenriver.com/clubhouse/會所工作日誌/03回顧會員f來會所的學習/,https://listenriver.com/clubhouse/會所工作日誌/03回顧會員f來會所的學習/,"index, follow",[]
/clubhouse/會所工作日誌/04就業前準備/,200,https://listenriver.com/clubhouse/會所工作日誌/04就業前準備/,https://listenriver.com/clubhouse/會所工作日誌/04就業前準備/,"index, follow",[]
/clubhouse/會所工作日誌/05兩週就業訓練反思/,200,https://listenriver.com/clubhouse/會所工作日誌/05兩週就業訓練反思/,https://listenriver.com/clubhouse/會所工作日誌/05兩週就業訓練反思/,"index, follow",[]
/clubhouse/會所工作日誌/06複雜用藥下改變如何發生/,200,https://listenriver.com/clubhouse/會所工作日誌/06複雜用藥下改變如何發生/,https://listenriver.com/clubhouse/會所工作日誌/06複雜用藥下改變如何發生/,"index, follow",[]
/clubhouse/會所工作日誌/07白板溝通/,200,https://listenriver.com/clubhouse/會所工作日誌/07白板溝通/,https://listenriver.com/clubhouse/會所工作日誌/07白板溝通/,"index, follow",[]
/clubhouse/會所工作日誌/08推動會員帶開會與導覽部門/,200,https://listenriver.com/clubhouse/會所工作日誌/08推動會員帶開會與導覽部門/,https://listenriver.com/clubhouse/會所工作日誌/08推動會員帶開會與導覽部門/,"index, follow",[]
/clubhouse/會所工作日誌/09不敢說借過的會員/,200,https://listenriver.com/clubhouse/會所工作日誌/09不敢說借過的會員/,https://listenriver.com/clubhouse/會所工作日誌/09不敢說借過的會員/,"index, follow",[]
/clubhouse/會所工作日誌/10料理是行動是對話/,200,https://listenriver.com/clubhouse/會所工作日誌/10料理是行動是對話/,https://listenriver.com/clubhouse/會所工作日誌/10料理是行動是對話/,"index, follow",[]
/clubhouse/會所工作日誌/11敘事的見證/,200,https://listenriver.com/clubhouse/會所工作日誌/11敘事的見證/,https://listenriver.com/clubhouse/會所工作日誌/11敘事的見證/,"index, follow",[]
/clubhouse/會所工作日誌/12餐飲部當然不只是料理/,200,https://listenriver.com/clubhouse/會所工作日誌/12餐飲部當然不只是料理/,https://listenriver.com/clubhouse/會所工作日誌/12餐飲部當然不只是料理/,"index, follow",[]
/clubhouse/會所工作日誌/13初次社區宣導/,200,https://listenriver.com/clubhouse/會所工作日誌/13初次社區宣導/,https://listenriver.com/clubhouse/會所工作日誌/13初次社區宣導/,"index, follow",[]
/clubhouse/會所工作日誌/14強迫症的意義/,200,https://listenriver.com/clubhouse/會所工作日誌/14強迫症的意義/,https://listenriver.com/clubhouse/會所工作日誌/14強迫症的意義/,"index, follow",[]
/clubhouse/會所工作日誌/15認真回應會員動力/,200,https://listenriver.com/clubhouse/會所工作日誌/15認真回應會員動力/,https://listenriver.com/clubhouse/會所工作日誌/15認真回應會員動力/,"index, follow",[]
/clubhouse/會所工作日誌/16你想要什麼樣的支持/,200,https://listenriver.com/clubhouse/會所工作日誌/16你想要什麼樣的支持/,https://listenriver.com/clubhouse/會所工作日誌/16你想要什麼樣的支持/,"index, follow",[]
/clubhouse/會所工作日誌/17將言語視為符號/,200,https://listenriver.com/clubhouse/會所工作日誌/17將言語視為符號/,https://listenriver.com/clubhouse/會所工作日誌/17將言語視為符號/,"index, follow",[]
/clubhouse/會所工作日誌/18保持真誠好奇/,200,https://listenriver.com/clubhouse/會所工作日誌/18保持真誠好奇/,https://listenriver.com/clubhouse/會所工作日誌/18保持真誠好奇/,"index, follow",[]
/clubhouse/會所工作日誌/19身心狀態留下的痕跡/,200,https://listenriver.com/clubhouse/會所工作日誌/19身心狀態留下的痕跡/,https://listenriver.com/clubhouse/會所工作日誌/19身心狀態留下的痕跡/,"index, follow",[]
/robots.txt,200,https://listenriver.com/robots.txt,,,[]
/search/,200,https://listenriver.com/search/,https://listenriver.com/search/,"noindex, nofollow",[]
/sitemap.xml,200,https://listenriver.com/sitemap.xml,,,[]
/tags/,200,https://listenriver.com/tags/,https://listenriver.com/tags/,"noindex, follow",[]
/tags/shamless/,200,https://listenriver.com/tags/shamless/,https://listenriver.com/tags/shamless/,"noindex, follow",[]
/tags/一行禪師/,200,https://listenriver.com/tags/一行禪師/,https://listenriver.com/tags/一行禪師/,"noindex, follow",[]
/tags/人間出口/,200,https://listenriver.com/tags/人間出口/,https://listenriver.com/tags/人間出口/,"noindex, follow",[]
/tags/凝視與穿越/,200,https://listenriver.com/tags/凝視與穿越/,https://listenriver.com/tags/凝視與穿越/,"noindex, follow",[]
/tags/創傷知情/,200,https://listenriver.com/tags/創傷知情/,https://listenriver.com/tags/創傷知情/,"noindex, follow",[]
/tags/助人工作/,200,https://listenriver.com/tags/助人工作/,https://listenriver.com/tags/助人工作/,"noindex, follow",[]
/tags/助人工作/page/2/,200,https://listenriver.com/tags/助人工作/page/2/,https://listenriver.com/tags/助人工作/,"noindex, follow",[]
/tags/午夜福音/,200,https://listenriver.com/tags/午夜福音/,https://listenriver.com/tags/午夜福音/,"noindex, follow",[]
/tags/受苦的倒影/,200,https://listenriver.com/tags/受苦的倒影/,https://listenriver.com/tags/受苦的倒影/,"noindex, follow",[]
/tags/媽的多重宇宙/,200,https://listenriver.com/tags/媽的多重宇宙/,https://listenriver.com/tags/媽的多重宇宙/,"noindex, follow",[]
/tags/家庭會傷人/,200,https://listenriver.com/tags/家庭會傷人/,https://listenriver.com/tags/家庭會傷人/,"noindex, follow",[]
/tags/家族治療/,200,https://listenriver.com/tags/家族治療/,https://listenriver.com/tags/家族治療/,"noindex, follow",[]
/tags/建制民族誌/,200,https://listenriver.com/tags/建制民族誌/,https://listenriver.com/tags/建制民族誌/,"noindex, follow",[]
/tags/成為一個人/,200,https://listenriver.com/tags/成為一個人/,https://listenriver.com/tags/成為一個人/,"noindex, follow",[]
/tags/成為一個人/page/2/,200,https://listenriver.com/tags/成為一個人/page/2/,https://listenriver.com/tags/成為一個人/,"noindex, follow",[]
/tags/是枝裕和/,200,https://listenriver.com/tags/是枝裕和/,https://listenriver.com/tags/是枝裕和/,"noindex, follow",[]
/tags/時間/,200,https://listenriver.com/tags/時間/,https://listenriver.com/tags/時間/,"noindex, follow",[]
/tags/書摘/,200,https://listenriver.com/tags/書摘/,https://listenriver.com/tags/書摘/,"noindex, follow",[]
/tags/書摘/page/2/,200,https://listenriver.com/tags/書摘/page/2/,https://listenriver.com/tags/書摘/,"noindex, follow",[]
/tags/書摘/page/3/,200,https://listenriver.com/tags/書摘/page/3/,https://listenriver.com/tags/書摘/,"noindex, follow",[]
/tags/會所實習/,200,https://listenriver.com/tags/會所實習/,https://listenriver.com/clubhouse/會所實習/,"noindex, nofollow",[]
/tags/會所工作手冊/,200,https://listenriver.com/tags/會所工作手冊/,https://listenriver.com/clubhouse/會所工作手冊/,"noindex, nofollow",[]
/tags/會所工作日誌/,200,https://listenriver.com/tags/會所工作日誌/,https://listenriver.com/clubhouse/會所工作日誌/,"noindex, nofollow",[]
/tags/會所工作日誌/page/2/,200,https://listenriver.com/tags/會所工作日誌/page/2/,https://listenriver.com/clubhouse/會所工作日誌/,"noindex, nofollow",[]
/tags/會所模式/,200,https://listenriver.com/tags/會所模式/,https://listenriver.com/tags/會所模式/,"noindex, follow",[]
/tags/會所模式/page/2/,200,https://listenriver.com/tags/會所模式/page/2/,https://listenriver.com/tags/會所模式/,"noindex, follow",[]
/tags/會所模式/page/3/,200,https://listenriver.com/tags/會所模式/page/3/,https://listenriver.com/tags/會所模式/,"noindex, follow",[]
/tags/正念的河流/,200,https://listenriver.com/tags/正念的河流/,https://listenriver.com/tags/正念的河流/,"noindex, follow",[]
/tags/正念的河流/page/2/,200,https://listenriver.com/tags/正念的河流/page/2/,https://listenriver.com/tags/正念的河流/,"noindex, follow",[]
/tags/正念的河流/page/3/,200,https://listenriver.com/tags/正念的河流/page/3/,https://listenriver.com/tags/正念的河流/,"noindex, follow",[]
/tags/無恥之徒/,200,https://listenriver.com/tags/無恥之徒/,https://listenriver.com/tags/無恥之徒/,"noindex, follow",[]
/tags/現象學/,200,https://listenriver.com/tags/現象學/,https://listenriver.com/tags/現象學/,"noindex, follow",[]
/tags/病痛經驗/,200,https://listenriver.com/tags/病痛經驗/,https://listenriver.com/tags/病痛經驗/,"noindex, follow",[]
/tags/素描/,200,https://listenriver.com/tags/素描/,https://listenriver.com/tags/素描/,"noindex, follow",[]
/tags/素描/page/2/,200,https://listenriver.com/tags/素描/page/2/,https://listenriver.com/tags/素描/,"noindex, follow",[]
/tags/聆聽疼痛/,200,https://listenriver.com/tags/聆聽疼痛/,https://listenriver.com/tags/聆聽疼痛/,"noindex, follow",[]
/tags/聆聽疼痛計畫/,200,https://listenriver.com/tags/聆聽疼痛計畫/,https://listenriver.com/tags/聆聽疼痛計畫/,"noindex, follow",[]
/tags/聆聽疼痛計畫/page/2/,200,https://listenriver.com/tags/聆聽疼痛計畫/page/2/,https://listenriver.com/tags/聆聽疼痛計畫/,"noindex, follow",[]
/tags/艾格妮撿風景/,200,https://listenriver.com/tags/艾格妮撿風景/,https://listenriver.com/tags/艾格妮撿風景/,"noindex, follow",[]
/tags/蟹足腫病痛/,200,https://listenriver.com/tags/蟹足腫病痛/,https://listenriver.com/tags/蟹足腫病痛/,"noindex, follow",[]
/tags/蟹足腫病痛/page/2/,200,https://listenriver.com/tags/蟹足腫病痛/page/2/,https://listenriver.com/tags/蟹足腫病痛/,"noindex, follow",[]
/tags/親密關係/,200,https://listenriver.com/tags/親密關係/,https://listenriver.com/tags/親密關係/,"noindex, follow",[]
/tags/親密關係暴力/,200,https://listenriver.com/tags/親密關係暴力/,https://listenriver.com/tags/親密關係暴力/,"noindex, follow",[]
/tags/詩的語言/,200,https://listenriver.com/tags/詩的語言/,https://listenriver.com/tags/詩的語言/,"noindex, follow",[]
/tags/講座/,200,https://listenriver.com/tags/講座/,https://listenriver.com/tags/講座/,"noindex, follow",[]
/tags/講座心得/,200,https://listenriver.com/tags/講座心得/,https://listenriver.com/tags/講座心得/,"noindex, follow",[]
/tags/講座筆記/,200,https://listenriver.com/tags/講座筆記/,https://listenriver.com/tags/講座筆記/,"noindex, follow",[]
/tags/邁向助人工作/,200,https://listenriver.com/tags/助人工作/,https://listenriver.com/tags/助人工作/,"noindex, follow","[{""status"": 301, ""location"": ""/tags/助人工作/""}]"
/tags/開放式對話/,200,https://listenriver.com/tags/開放式對話/,https://listenriver.com/tags/開放式對話/,"noindex, follow",[]
/tags/閱讀/,200,https://listenriver.com/tags/閱讀心得/,https://listenriver.com/tags/閱讀心得/,"noindex, follow","[{""status"": 301, ""location"": ""/tags/閱讀心得/""}]"
/tags/閱讀心得/,200,https://listenriver.com/tags/閱讀心得/,https://listenriver.com/tags/閱讀心得/,"noindex, follow",[]
/tags/閱讀心得/page/2/,200,https://listenriver.com/tags/閱讀心得/page/2/,https://listenriver.com/tags/閱讀心得/,"noindex, follow",[]
/tags/閱讀心得/page/3/,200,https://listenriver.com/tags/閱讀心得/page/3/,https://listenriver.com/tags/閱讀心得/,"noindex, follow",[]
/tags/障礙政治/,200,https://listenriver.com/tags/障礙政治/,https://listenriver.com/tags/障礙政治/,"noindex, follow",[]
/tags/電影/,200,https://listenriver.com/tags/電影/,https://listenriver.com/tags/電影/,"noindex, follow",[]
/tags/電影/page/2/,200,https://listenriver.com/tags/電影/page/2/,https://listenriver.com/tags/電影/,"noindex, follow",[]
/tags/電影/page/3/,200,https://listenriver.com/tags/電影/page/3/,https://listenriver.com/tags/電影/,"noindex, follow",[]
/tags/電影心得/,200,https://listenriver.com/tags/電影心得/,https://listenriver.com/tags/電影心得/,"noindex, follow",[]
/tags/電影心得/page/2/,200,https://listenriver.com/tags/電影心得/page/2/,https://listenriver.com/tags/電影心得/,"noindex, follow",[]
/tags/電影心得/page/3/,200,https://listenriver.com/tags/電影心得/page/3/,https://listenriver.com/tags/電影心得/,"noindex, follow",[]
/tags/電影心得/page/4/,200,https://listenriver.com/tags/電影心得/page/4/,https://listenriver.com/tags/電影心得/,"noindex, follow",[]
/tags/非暴力溝通/,200,https://listenriver.com/tags/非暴力溝通/,https://listenriver.com/tags/非暴力溝通/,"noindex, follow",[]
