source,title,draft,current_url,current_categories,tags,aliases,proposed_category,review_status,planned_url
content/blog/助人工作/一位好的父親是如何養成的/index.md,一位好的父親是如何養成的？,False,/blog/助人工作/一位好的父親是如何養成的/,助人工作,助人工作,/blog/日常書寫/20221021一位好的父親是如何養成的/,助人工作,初步映射，未逐篇定案,/blog/助人工作/一位好的父親是如何養成的/
content/blog/助人工作/創傷知情工作坊心得/index.md,講座心得｜創傷知情與兒少服務工作坊,False,/blog/助人工作/創傷知情工作坊心得/,助人工作,創傷知情 | 講座心得 | 助人工作,/blog/工作坊心得/創傷知情工作坊/ | /blog/生活反思與心得/創傷知情工作坊/ | /blog/創傷知情/講座心得創傷知情與兒少服務工作坊/,助人工作,初步映射，未逐篇定案,/blog/助人工作/創傷知情工作坊心得/
content/blog/助人工作/創傷知情工作坊筆記/index.md,講座筆記｜創傷知情與兒少服務工作坊筆記,False,/blog/助人工作/創傷知情工作坊筆記/,助人工作,講座筆記 | 創傷知情 | 助人工作,/blog/創傷知情/講座筆記創傷知情與兒少服務工作坊/,助人工作,初步映射，未逐篇定案,/blog/助人工作/創傷知情工作坊筆記/
content/blog/助人工作/北監酒駕班後記/index.md,北監酒駕班後記：關於集體創作的觀察,False,/blog/助人工作/北監酒駕班後記/,助人工作,助人工作,/blog/日常書寫/20200626北監酒駕班後記/,助人工作,初步映射，未逐篇定案,/blog/助人工作/北監酒駕班後記/
content/blog/助人工作/北監酒駕班觀察心得/index.md,北監酒駕班觀察心得,False,/blog/助人工作/北監酒駕班觀察心得/,助人工作,助人工作,/blog/日常書寫/20191030北監酒駕班觀察心得/,助人工作,初步映射，未逐篇定案,/blog/助人工作/北監酒駕班觀察心得/
content/blog/助人工作/受苦的倒影/index.md,《受苦的倒影》新書講座：成為過道,False,/blog/助人工作/受苦的倒影/,助人工作,受苦的倒影 | 助人工作,/blog/受苦的倒影/受苦的倒影新書講座成為過道/,助人工作,初步映射，未逐篇定案,/blog/助人工作/受苦的倒影/
content/blog/助人工作/同步聽打培訓/index.md,同步聽打培訓,False,/blog/助人工作/同步聽打培訓/,助人工作,助人工作,/blog/日常書寫/20210808同步聽打/,助人工作,初步映射，未逐篇定案,/blog/助人工作/同步聽打培訓/
content/blog/助人工作/女性主義人生百味/index.md,人生百味：第二次的期中報告,False,/blog/助人工作/女性主義人生百味/,助人工作,助人工作,/blog/日常書寫/20220520女性主義人生百味/,助人工作,初步映射，未逐篇定案,/blog/助人工作/女性主義人生百味/
content/blog/助人工作/對話工作如潛水/index.md,對話工作如潛水,False,/blog/助人工作/對話工作如潛水/,助人工作,助人工作,/blog/日常書寫/20201102對話工作如潛水/,助人工作,初步映射，未逐篇定案,/blog/助人工作/對話工作如潛水/
content/blog/助人工作/換位思考與非暴力溝通/index.md,換位思考與非暴力溝通,False,/blog/助人工作/換位思考與非暴力溝通/,助人工作,非暴力溝通 | 助人工作,/blog/日常書寫/20210825非暴力溝通心得/,助人工作,初步映射，未逐篇定案,/blog/助人工作/換位思考與非暴力溝通/
content/blog/助人工作/握有權力時的焦慮/index.md,握有權力時的焦慮,False,/blog/助人工作/握有權力時的焦慮/,助人工作,助人工作,/blog/日常書寫/20210209握有權力時的焦慮/,助人工作,初步映射，未逐篇定案,/blog/助人工作/握有權力時的焦慮/
content/blog/助人工作/社會工作是陰性的存在/index.md,社會工作是陰性的存在,False,/blog/助人工作/社會工作是陰性的存在/,助人工作,助人工作,/blog/日常書寫/20220824社會工作是陰性的存在/,助人工作,初步映射，未逐篇定案,/blog/助人工作/社會工作是陰性的存在/
content/blog/助人工作/缺席者的發聲練習/index.md,貧窮人的台北：缺席者的發聲練習,False,/blog/助人工作/缺席者的發聲練習/,助人工作,助人工作,/blog/生活反思與心得/缺席者的發聲練習/ | /blog/日常書寫/20201120缺席者的發聲練習/,助人工作,初步映射，未逐篇定案,/blog/助人工作/缺席者的發聲練習/
content/blog/助人工作/親密關係暴力的矛盾與複雜困境/index.md,親密關係暴力的矛盾與複雜困境,False,/blog/助人工作/親密關係暴力的矛盾與複雜困境/,助人工作,助人工作 | 親密關係暴力,/blog/生活反思與心得/親密關係暴力的矛盾與複雜困境/ | /blog/凝視日常/親密關係暴力的矛盾與複雜困境/ | /blog/日常書寫/20210418親密關係暴力的矛盾與複雜困境/,助人工作,初步映射，未逐篇定案,/blog/助人工作/親密關係暴力的矛盾與複雜困境/
content/blog/助人工作/進階團體工作/index.md,進階團體工作,False,/blog/助人工作/進階團體工作/,助人工作,助人工作,/blog/日常書寫/20221028團體/,助人工作,初步映射，未逐篇定案,/blog/助人工作/進階團體工作/
content/blog/助人工作/過道、渡者、苦難工作者/index.md,過道、渡者、苦難工作者,False,/blog/助人工作/過道渡者苦難工作者/,助人工作,受苦的倒影 | 助人工作,/blog/受苦的倒影/過道渡者苦難工作者/,助人工作,初步映射，未逐篇定案,/blog/助人工作/過道渡者苦難工作者/
content/blog/助人工作/非正式的知識建構/index.md,社會工作觀察：匿名戒酒會，非正式的知識建構,False,/blog/助人工作/非正式的知識建構/,助人工作,助人工作,/blog/日常書寫/20220415非正式的知識建構/,助人工作,初步映射，未逐篇定案,/blog/助人工作/非正式的知識建構/
content/blog/成為自己/不為而成/index.md,《成為一個人》的再理解：不為而成,False,/blog/成為自己/不為而成/,成為自己,成為一個人 | 正念的河流,/blog/成為一個人/20210902成為一個人的再理解不為而成/,身體與自己,初步映射，未逐篇定案,/blog/成為自己/不為而成/
content/blog/成為自己/人是有機的存在/index.md,人是有機的存在,False,/blog/成為自己/人是有機的存在/,成為自己,,/blog/自我成長/20221117人是有機的存在/,身體與自己,初步映射，未逐篇定案,/blog/成為自己/人是有機的存在/
content/blog/成為自己/任性的人/index.md,任性的人：網路社群時代的個體化危機,False,/blog/成為自己/任性的人/,成為自己,,/blog/日常書寫/20210809任性的人/,身體與自己,初步映射，未逐篇定案,/blog/成為自己/任性的人/
content/blog/成為自己/保持透明/index.md,保持透明,False,/blog/成為自己/保持透明/,成為自己,,/blog/日常書寫/20210810保持透明/,身體與自己,初步映射，未逐篇定案,/blog/成為自己/保持透明/
content/blog/成為自己/傾聽自己是善待自己的方法/index.md,傾聽與凝視：傾聽自己是善待自己的方法,False,/blog/成為自己/傾聽自己是善待自己的方法/,成為自己,正念的河流 | 成為一個人,/blog/生活反思與心得/傾聽與凝視傾聽自己是善待自己的方法/ | /blog/凝視日常/傾聽與凝視傾聽自己是善待自己的方法/ | /blog/日常書寫/20200909傾聽與凝視傾聽自己是善待自己的方法/,身體與自己,初步映射，未逐篇定案,/blog/成為自己/傾聽自己是善待自己的方法/
content/blog/成為自己/凝視與穿越/index.md,凝視與穿越：從正念、道家哲學到個體化,False,/blog/成為自己/凝視與穿越/,成為自己,正念的河流 | 成為一個人 | 凝視與穿越,/blog/成為一個人/20210828凝視與穿越從正念道家哲學到個體化/,身體與自己,初步映射，未逐篇定案,/blog/成為自己/凝視與穿越/
content/blog/成為自己/反省個體化/index.md,反省個體化,False,/blog/成為自己/反省個體化/,成為自己,,/blog/成為一個人/20220501反省個體化/,身體與自己,初步映射，未逐篇定案,/blog/成為自己/反省個體化/
content/blog/成為自己/嘔吐/index.md,嘔吐,False,/blog/成為自己/嘔吐/,成為自己,正念的河流 | 凝視與穿越,/blog/凝視日常/嘔吐/ | /blog/日常書寫/20221202嘔吐/,身體與自己,初步映射，未逐篇定案,/blog/成為自己/嘔吐/
content/blog/成為自己/夕陽下的長影子/index.md,夕陽下的長影子：領域展開,False,/blog/成為自己/夕陽下的長影子/,成為自己,親密關係,/blog/日常書寫/20210905夕陽下的長影子/,身體與自己,初步映射，未逐篇定案,/blog/成為自己/夕陽下的長影子/
content/blog/成為自己/情緒、鏡子視角、觀自在/index.md,情緒、鏡子視角、觀自在,False,/blog/成為自己/情緒鏡子視角觀自在/,成為自己,,/blog/自我成長/20250310情緒鏡子視角觀自在/,身體與自己,初步映射，未逐篇定案,/blog/成為自己/情緒鏡子視角觀自在/
content/blog/成為自己/慢讀漫談/index.md,慢讀漫談Podcast：空間、關係與自我存在,False,/blog/成為自己/慢讀漫談/,成為自己,現象學 | 正念的河流 | 凝視與穿越,/blog/凝視日常/慢讀漫談/ | /blog/日常書寫/20211102慢讀漫談/,身體與自己,初步映射，未逐篇定案,/blog/成為自己/慢讀漫談/
content/blog/成為自己/成為自己的過程/index.md,Becoming自己的過程：找回內在連結,False,/blog/成為自己/成為自己的過程/,成為自己,成為一個人,/blog/成為一個人/20210817becoming-自己的過程/,身體與自己,初步映射，未逐篇定案,/blog/成為自己/成為自己的過程/
content/blog/成為自己/承接情緒的軟墊/index.md,承接情緒的軟墊,False,/blog/成為自己/承接情緒的軟墊/,成為自己,,/blog/日常書寫/20210817聆聽疼痛/,身體與自己,初步映射，未逐篇定案,/blog/成為自己/承接情緒的軟墊/
content/blog/成為自己/最大的自由是承擔/index.md,最大的自由是承擔，最大的神蹟是人的超越性,False,/blog/成為自己/最大的自由是承擔/,成為自己,成為一個人,/blog/凝視日常/最大的自由是承擔/ | /blog/成為一個人/20220915最大的自由是承擔/,身體與自己,初步映射，未逐篇定案,/blog/成為自己/最大的自由是承擔/
content/blog/成為自己/正念的意義就在手中/index.md,正念的意義就在手中,False,/blog/成為自己/正念的意義就在手中/,成為自己,正念的河流,,身體與自己,初步映射，未逐篇定案,/blog/成為自己/正念的意義就在手中/
content/blog/成為自己/為什麼活著如此累人/index.md,為什麼活著如此累人？因為生命的意義被形塑成要做很多事情,False,/blog/成為自己/為什麼活著如此累人/,成為自己,成為一個人,/blog/成為一個人/20210913為什麼活著如此累人/,身體與自己,初步映射，未逐篇定案,/blog/成為自己/為什麼活著如此累人/
content/blog/成為自己/無條件的愛讓小孩茁壯/index.md,無條件的愛讓小孩茁壯,False,/blog/成為自己/無條件的愛讓小孩茁壯/,成為自己,,/blog/自我成長/20221202無條件的愛讓小孩茁壯/,身體與自己,初步映射，未逐篇定案,/blog/成為自己/無條件的愛讓小孩茁壯/
content/blog/成為自己/痛苦的快樂/index.md,痛苦的快樂：為何不願善待自己,False,/blog/成為自己/痛苦的快樂/,成為自己,,/blog/日常書寫/20210304痛苦的快樂/,身體與自己,初步映射，未逐篇定案,/blog/成為自己/痛苦的快樂/
content/blog/成為自己/看見本質的眼睛/index.md,20210830看見本質的眼睛,False,/blog/成為自己/看見本質的眼睛/,成為自己,凝視與穿越 | 成為一個人 | 正念的河流,/blog/成為一個人/20210830看見本質的眼睛/,身體與自己,初步映射，未逐篇定案,/blog/成為自己/看見本質的眼睛/
content/blog/成為自己/真實做自己的自由/index.md,真實做自己的自由：在凝視中看見的仍是自己,False,/blog/成為自己/真實做自己的自由/,成為自己,親密關係 | 成為一個人,,身體與自己,初步映射，未逐篇定案,/blog/成為自己/真實做自己的自由/
content/blog/成為自己/穿越是一座無止盡的橋/index.md,穿越是一座無止盡的橋,False,/blog/成為自己/穿越是一座無止盡的橋/,成為自己,凝視與穿越 | 正念的河流,/blog/成為一個人/20210910穿越是一座無止盡的橋1/,身體與自己,初步映射，未逐篇定案,/blog/成為自己/穿越是一座無止盡的橋/
content/blog/成為自己/自己其實是幸福的/index.md,自己其實是幸福的,False,/blog/成為自己/自己其實是幸福的/,成為自己,,/blog/日常書寫/20221216自己其實是幸福的/,身體與自己,初步映射，未逐篇定案,/blog/成為自己/自己其實是幸福的/
content/blog/成為自己/踏實感/index.md,《成為一個人》後記：踏實感,False,/blog/成為自己/踏實感/,成為自己,成為一個人 | 正念的河流,/blog/凝視日常/成為一個人後記/ | /blog/日常書寫/20210702成為一個人後記踏實感/ | /blog/日常生活凝視/成為一個人後記/ | /blog/成為一個人/20210702成為一個人後記踏實感/,身體與自己,初步映射，未逐篇定案,/blog/成為自己/踏實感/
content/blog/成為自己/選擇與自由/index.md,選擇與自由：接納代價是負責的表現,False,/blog/成為自己/選擇與自由/,成為自己,成為一個人,/blog/自我成長/20210914選擇與自由/,身體與自己,初步映射，未逐篇定案,/blog/成為自己/選擇與自由/
content/blog/成為自己/鄰坐又對坐的關係/index.md,莫比烏斯環：鄰坐又對坐的關係,False,/blog/成為自己/鄰坐又對坐的關係/,成為自己,親密關係,/blog/自我成長/20231030莫比烏斯環鄰坐又對坐的關係/,身體與自己,初步映射，未逐篇定案,/blog/成為自己/鄰坐又對坐的關係/
content/blog/成為自己/難過到感受不到自己的存在/index.md,難過到感受不到自己的存在,False,/blog/成為自己/難過到感受不到自己的存在/,成為自己,,/blog/日常書寫/20221211難過到感受不到自己的存在/,身體與自己,初步映射，未逐篇定案,/blog/成為自己/難過到感受不到自己的存在/
content/blog/成為自己/魚、深淵、寓居於世/index.md,魚、深淵、寓居於世,False,/blog/成為自己/魚深淵寓居於世/,成為自己,,/blog/日常書寫/20220928魚深淵寓居於世/,身體與自己,初步映射，未逐篇定案,/blog/成為自己/魚深淵寓居於世/
content/blog/日常書寫/clubhouse的密室/index.md,Clubhouse的密室：不可言說的那件事,False,/blog/日常書寫/clubhouse的密室/,日常書寫,,/blog/日常書寫/20210211clubhouse的密室/,生活與實作,初步映射，未逐篇定案,/blog/日常書寫/clubhouse的密室/
content/blog/日常書寫/clubhouse的療癒空間/index.md,Clubhouse的療癒空間：從獨白轉為對話，在對話中產生共鳴,False,/blog/日常書寫/clubhouse的療癒空間/,日常書寫,,/blog/日常書寫/20210210clubhouse的療癒空間/,生活與實作,初步映射，未逐篇定案,/blog/日常書寫/clubhouse的療癒空間/
content/blog/日常書寫/一種抵達經驗的方式/index.md,一種抵達經驗的方式,False,/blog/日常書寫/一種抵達經驗的方式/,日常書寫,講座心得 | 現象學,/blog/日常書寫/20220806一種抵達經驗的方式/,生活與實作,初步映射，未逐篇定案,/blog/日常書寫/一種抵達經驗的方式/
content/blog/日常書寫/人間出口：性和慾望的詮釋/index.md,人間出口：性和慾望的詮釋,False,/blog/日常書寫/人間出口性和慾望的詮釋/,日常書寫,人間出口,/blog/凝視日常/人間出口性和慾望的詮釋/ | /blog/生活反思與心得/人間出口性和慾望的詮釋/ | /blog/日常書寫/20200728人間出口：性和慾望的詮釋/,生活與實作,初步映射，未逐篇定案,/blog/日常書寫/人間出口性和慾望的詮釋/
content/blog/日常書寫/來自異次元的騷擾：腦控受害者/index.md,來自異次元的騷擾：腦控受害者,False,/blog/日常書寫/來自異次元的騷擾腦控受害者/,日常書寫,,/blog/日常書寫/20200617來自異次元的騷擾-腦控受害者/ | /blog/凝視日常/來自異次元的騷擾-腦控受害者/ | /blog/日常書寫/20200617來自異次元的騷擾腦控受害者/,生活與實作,初步映射，未逐篇定案,/blog/日常書寫/來自異次元的騷擾腦控受害者/
content/blog/日常書寫/如何理解時間的存在/index.md,如何理解時間的存在？,False,/blog/日常書寫/如何理解時間的存在/,日常書寫,時間,/blog/日常書寫/20200702如何理解時間的存在/,生活與實作,初步映射，未逐篇定案,/blog/日常書寫/如何理解時間的存在/
content/blog/日常書寫/如何看待暴力/index.md,如何看待暴力？,False,/blog/日常書寫/如何看待暴力/,日常書寫,電影心得,/blog/日常書寫/20211021如何看待暴力/,生活與實作,初步映射，未逐篇定案,/blog/日常書寫/如何看待暴力/
content/blog/日常書寫/掘光而行/index.md,洪瑞麟：掘光而行,False,/blog/日常書寫/掘光而行/,日常書寫,,/blog/日常書寫/20220807掘光而行/,生活與實作,初步映射，未逐篇定案,/blog/日常書寫/掘光而行/
content/blog/日常書寫/整理書櫃有感/index.md,整理書櫃有感,False,/blog/日常書寫/整理書櫃有感/,日常書寫,,/blog/日常書寫/20260308整理書櫃有感/,生活與實作,初步映射，未逐篇定案,/blog/日常書寫/整理書櫃有感/
content/blog/日常書寫/網頁架設學習歷程/index.md,網頁架設學習歷程,False,/blog/日常書寫/網頁架設學習歷程/,日常書寫,,/blog/日常書寫/20260223網頁架設學習歷程/,生活與實作,初步映射，未逐篇定案,/blog/日常書寫/網頁架設學習歷程/
content/blog/日常書寫/美好的事物終將灰飛煙滅/index.md,美好的事物終將灰飛煙滅,False,/blog/日常書寫/美好的事物終將灰飛煙滅/,日常書寫,,/blog/日常書寫/20210415美好的事物終將灰飛煙滅/,生活與實作,初步映射，未逐篇定案,/blog/日常書寫/美好的事物終將灰飛煙滅/
content/blog/日常書寫/蜷縮、停滯、暗之惡魔/index.md,蜷縮、停滯、暗之惡魔,False,/blog/日常書寫/蜷縮停滯暗之惡魔/,日常書寫,,/blog/日常書寫/20240830蜷縮停滯暗之惡魔/,生活與實作,初步映射，未逐篇定案,/blog/日常書寫/蜷縮停滯暗之惡魔/
content/blog/日常書寫/關於語言的反思/index.md,關於語言的反思,False,/blog/日常書寫/關於語言的反思/,日常書寫,,/blog/日常書寫/20200805反思關於語言/,生活與實作,初步映射，未逐篇定案,/blog/日常書寫/關於語言的反思/
content/blog/書摘/人行道/index.md,書摘｜《人行道》,False,/blog/書摘/人行道/,閱讀與筆記,書摘,/blog/閱讀書摘/人行道/,閱讀與觀看,初步映射，未逐篇定案,/blog/書摘/人行道/
content/blog/書摘/修身與齊家/index.md,書摘｜《修身與齊家》,False,/blog/書摘/修身與齊家/,閱讀與筆記,書摘,/blog/閱讀書摘/修身與齊家/,閱讀與觀看,初步映射，未逐篇定案,/blog/書摘/修身與齊家/
content/blog/書摘/凝視太陽/index.md,書摘｜《凝視太陽》,False,/blog/書摘/凝視太陽/,閱讀與筆記,書摘,/blog/閱讀書摘/凝視太陽/,閱讀與觀看,初步映射，未逐篇定案,/blog/書摘/凝視太陽/
content/blog/書摘/到達彼岸的智慧/index.md,書摘｜一行禪師講《心經》：到達彼岸的智慧,False,/blog/書摘/到達彼岸的智慧/,閱讀與筆記,書摘 | 一行禪師 | 正念的河流,/blog/閱讀書摘/心經/,閱讀與觀看,初步映射，未逐篇定案,/blog/書摘/到達彼岸的智慧/
content/blog/書摘/割腕的誘惑/index.md,書摘｜《割腕的誘惑：停止自我傷害》,False,/blog/書摘/割腕的誘惑/,閱讀與筆記,書摘,/blog/閱讀書摘/割腕的誘惑/,閱讀與觀看,初步映射，未逐篇定案,/blog/書摘/割腕的誘惑/
content/blog/書摘/危殆生活/index.md,書摘｜《危殆生活》,False,/blog/書摘/危殆生活/,閱讀與筆記,書摘,/blog/閱讀書摘/危殆生活/,閱讀與觀看,初步映射，未逐篇定案,/blog/書摘/危殆生活/
content/blog/書摘/如何謀殺一座城市/index.md,書摘｜《如何謀殺一座城市》,False,/blog/書摘/如何謀殺一座城市/,閱讀與筆記,書摘,/blog/閱讀書摘/如何謀殺一座城市/,閱讀與觀看,初步映射，未逐篇定案,/blog/書摘/如何謀殺一座城市/
content/blog/書摘/學習家族治療/index.md,書摘｜《學習家族治療》,False,/blog/書摘/學習家族治療/,閱讀與筆記,書摘 | 家族治療,/blog/閱讀書摘/學習家族治療/,閱讀與觀看,初步映射，未逐篇定案,/blog/書摘/學習家族治療/
content/blog/書摘/家庭會傷人/index.md,書摘｜《家庭會傷人》,False,/blog/書摘/家庭會傷人/,閱讀與筆記,書摘 | 家族治療 | 家庭會傷人,/blog/閱讀書摘/家庭會傷人/,閱讀與觀看,初步映射，未逐篇定案,/blog/書摘/家庭會傷人/
content/blog/書摘/尋找復原力/index.md,書摘｜《尋找復原力》,False,/blog/書摘/尋找復原力/,閱讀與筆記,書摘 | 創傷知情,/blog/閱讀書摘/尋找復原力/,閱讀與觀看,初步映射，未逐篇定案,/blog/書摘/尋找復原力/
content/blog/書摘/成為一個人/index.md,書摘｜《成為一個人》,False,/blog/書摘/成為一個人/,閱讀與筆記,書摘 | 成為一個人,/blog/閱讀書摘/成為一個人/ | /blog/成為一個人/書摘成為一個人/,閱讀與觀看,初步映射，未逐篇定案,/blog/書摘/成為一個人/
content/blog/書摘/找回家庭的療癒力/index.md,書摘｜《找回家庭的療癒力：多世代家族治療》,False,/blog/書摘/找回家庭的療癒力/,閱讀與筆記,書摘 | 家族治療,/blog/閱讀書摘/找回家庭的療癒力多世代家族治療/ | /blog/閱讀書摘/找回家庭的療癒力-多世代家族治療/,閱讀與觀看,初步映射，未逐篇定案,/blog/書摘/找回家庭的療癒力/
content/blog/書摘/擁抱陰影/index.md,書摘｜《擁抱陰影》,False,/blog/書摘/擁抱陰影/,閱讀與筆記,書摘,/blog/閱讀書摘/擁抱陰影/,閱讀與觀看,初步映射，未逐篇定案,/blog/書摘/擁抱陰影/
content/blog/書摘/敘事治療工作地圖/index.md,書摘｜《敘事治療工作地圖》,False,/blog/書摘/敘事治療工作地圖/,閱讀與筆記,書摘 | 家族治療,/blog/閱讀書摘/敘事治療工作地圖/,閱讀與觀看,初步映射，未逐篇定案,/blog/書摘/敘事治療工作地圖/
content/blog/書摘/旁觀他人之痛苦/index.md,書摘｜《旁觀他人之痛苦》,False,/blog/書摘/旁觀他人之痛苦/,閱讀與筆記,書摘,/blog/閱讀書摘/旁觀他人之痛苦/,閱讀與觀看,初步映射，未逐篇定案,/blog/書摘/旁觀他人之痛苦/
content/blog/書摘/正念生活的藝術/index.md,書摘｜《正念生活的藝術》,False,/blog/書摘/正念生活的藝術/,閱讀與筆記,書摘 | 一行禪師 | 正念的河流,/blog/閱讀書摘/正念生活的藝術/,閱讀與觀看,初步映射，未逐篇定案,/blog/書摘/正念生活的藝術/
content/blog/書摘/流浪者之歌/index.md,書摘｜《流浪者之歌》,False,/blog/書摘/流浪者之歌/,閱讀與筆記,書摘,/blog/閱讀書摘/流浪者之歌/,閱讀與觀看,初步映射，未逐篇定案,/blog/書摘/流浪者之歌/
content/blog/書摘/為何建制民族誌如此強大/index.md,書摘｜《為何建制民族誌如此強大？解碼日常生活的權力遊戲》,False,/blog/書摘/為何建制民族誌如此強大/,閱讀與筆記,書摘 | 建制民族誌,/blog/閱讀書摘/建制民族誌/,閱讀與觀看,初步映射，未逐篇定案,/blog/書摘/為何建制民族誌如此強大/
content/blog/書摘/無痛思維/index.md,書摘｜《無痛思維》,False,/blog/書摘/無痛思維/,閱讀與筆記,書摘 | 聆聽疼痛,/blog/閱讀書摘/無痛思維/,閱讀與觀看,初步映射，未逐篇定案,/blog/書摘/無痛思維/
content/blog/書摘/現象學十四講/index.md,書摘｜《現象學十四講》,False,/blog/書摘/現象學十四講/,閱讀與筆記,書摘 | 現象學,/blog/閱讀書摘/現象學十四講/,閱讀與觀看,初步映射，未逐篇定案,/blog/書摘/現象學十四講/
content/blog/書摘/疾病的隱喻/index.md,書摘｜《疾病的隱喻》,False,/blog/書摘/疾病的隱喻/,閱讀與筆記,書摘,/blog/閱讀書摘/疾病的隱喻/,閱讀與觀看,初步映射，未逐篇定案,/blog/書摘/疾病的隱喻/
content/blog/書摘/病從所願/index.md,書摘｜《病從所願》,False,/blog/書摘/病從所願/,閱讀與筆記,書摘,/blog/閱讀書摘/病從所願/,閱讀與觀看,初步映射，未逐篇定案,/blog/書摘/病從所願/
content/blog/書摘/聆聽疼痛/index.md,書摘｜《聆聽疼痛》,False,/blog/書摘/聆聽疼痛/,閱讀與筆記,書摘 | 聆聽疼痛,/blog/閱讀書摘/聆聽疼痛/ | /blog/閱讀書摘/聆聽疼痛2/,閱讀與觀看,初步映射，未逐篇定案,/blog/書摘/聆聽疼痛/
content/blog/書摘/英雄之旅/index.md,書摘｜《英雄之旅》,False,/blog/書摘/英雄之旅/,閱讀與筆記,書摘 | 正念的河流,/blog/閱讀書摘/英雄之旅/,閱讀與觀看,初步映射，未逐篇定案,/blog/書摘/英雄之旅/
content/blog/書摘/見佛殺佛/index.md,書摘｜《見佛殺佛》,False,/blog/書摘/見佛殺佛/,閱讀與筆記,書摘 | 一行禪師 | 正念的河流,,閱讀與觀看,初步映射，未逐篇定案,/blog/書摘/見佛殺佛/
content/blog/書摘/開放對話期待對話/index.md,書摘｜《開放對話・期待對話：尊重他者當下的他異性》,False,/blog/書摘/開放對話期待對話/,閱讀與筆記,書摘 | 開放式對話,/blog/閱讀書摘/開放對話-期待對話/ | /blog/閱讀書摘/開放對話期待對話/,閱讀與觀看,初步映射，未逐篇定案,/blog/書摘/開放對話期待對話/
content/blog/書摘/關係的評估與修復/index.md,書摘｜《關係的評估與修復》,False,/blog/書摘/關係的評估與修復/,閱讀與筆記,書摘 | 家族治療,/blog/閱讀書摘/關係的評估與修復/,閱讀與觀看,初步映射，未逐篇定案,/blog/書摘/關係的評估與修復/
content/blog/書摘/障礙政治/index.md,書摘｜《障礙政治》,False,/blog/書摘/障礙政治/,閱讀與筆記,書摘 | 障礙政治,/blog/閱讀書摘/障礙政治/,閱讀與觀看,初步映射，未逐篇定案,/blog/書摘/障礙政治/
content/blog/疼痛書寫/疼痛、憂鬱、失聲/index.md,疼痛、憂鬱、失聲,False,/blog/疼痛書寫/疼痛憂鬱失聲/,病痛經驗,蟹足腫病痛 | 詩的語言,,身體與自己,初步映射，未逐篇定案,/blog/疼痛書寫/疼痛憂鬱失聲/
content/blog/疼痛書寫/疼痛意識流/index.md,〈疼痛意識流〉,False,/blog/疼痛書寫/疼痛意識流/,病痛經驗,蟹足腫病痛 | 詩的語言,,身體與自己,初步映射，未逐篇定案,/blog/疼痛書寫/疼痛意識流/
content/blog/疼痛書寫/疼痛日記/index.md,疼痛日記,False,/blog/疼痛書寫/疼痛日記/,病痛經驗,蟹足腫病痛 | 病痛經驗,,身體與自己,初步映射，未逐篇定案,/blog/疼痛書寫/疼痛日記/
content/blog/疼痛書寫/疼痛是比較級的/index.md,〈疼痛是比較級的〉,False,/blog/疼痛書寫/疼痛是比較級的/,病痛經驗,蟹足腫病痛 | 詩的語言,,身體與自己,初步映射，未逐篇定案,/blog/疼痛書寫/疼痛是比較級的/
content/blog/疼痛書寫/疼痛是鬼/index.md,〈疼痛是鬼〉,False,/blog/疼痛書寫/疼痛是鬼/,病痛經驗,蟹足腫病痛 | 詩的語言,,身體與自己,初步映射，未逐篇定案,/blog/疼痛書寫/疼痛是鬼/
content/blog/疼痛書寫/髒血/index.md,〈髒血〉,False,/blog/疼痛書寫/髒血/,病痛經驗,蟹足腫病痛 | 詩的語言,,身體與自己,初步映射，未逐篇定案,/blog/疼痛書寫/髒血/
content/blog/病痛經驗/01論疾病/index.md,論疾病,False,/blog/病痛經驗/01論疾病/,病痛經驗,病痛經驗,/blog/日常書寫/20191231論疾病/,身體與自己,初步映射，未逐篇定案,/blog/病痛經驗/01論疾病/
content/blog/病痛經驗/住院記：擁抱陰影/index.md,住院記：擁抱陰影,False,/blog/病痛經驗/住院記擁抱陰影/,病痛經驗,蟹足腫病痛,,身體與自己,初步映射，未逐篇定案,/blog/病痛經驗/住院記擁抱陰影/
content/blog/病痛經驗/定期回診/index.md,定期回診,False,/blog/病痛經驗/定期回診/,病痛經驗,病痛經驗,/blog/日常書寫/20260320定期回診/,身體與自己,初步映射，未逐篇定案,/blog/病痛經驗/定期回診/
content/blog/病痛經驗/標本：凝視與被凝視/index.md,標本：凝視與被凝視,False,/blog/病痛經驗/標本凝視與被凝視/,病痛經驗,蟹足腫病痛,,身體與自己,初步映射，未逐篇定案,/blog/病痛經驗/標本凝視與被凝視/
content/blog/病痛經驗/疼痛的意義是襯托生命/index.md,疼痛的意義是襯托生命,False,/blog/病痛經驗/疼痛的意義是襯托生命/,病痛經驗,病痛經驗,/blog/日常書寫/20200904疼痛的意義襯托生命/,身體與自己,初步映射，未逐篇定案,/blog/病痛經驗/疼痛的意義是襯托生命/
content/blog/病痛經驗/第三次住院：在張力之中呼吸/index.md,第三次住院：在張力之中呼吸,False,/blog/病痛經驗/第三次住院在張力之中呼吸/,病痛經驗,蟹足腫病痛,,身體與自己,初步映射，未逐篇定案,/blog/病痛經驗/第三次住院在張力之中呼吸/
content/blog/病痛經驗/課堂報告小結/index.md,課堂報告小結,False,/blog/病痛經驗/課堂報告小結/,病痛經驗 | 助人工作,蟹足腫病痛 | 助人工作,,助人工作,初步映射，未逐篇定案,/blog/病痛經驗/課堂報告小結/
content/blog/病痛經驗/鏡子、隱喻、建立存在感/index.md,鏡子、隱喻、建立存在感,False,/blog/病痛經驗/鏡子隱喻建立存在感/,病痛經驗,病痛經驗,/blog/日常書寫/20230107鏡子隱喻建立存在感/,身體與自己,初步映射，未逐篇定案,/blog/病痛經驗/鏡子隱喻建立存在感/
content/blog/病痛經驗/關於自我揭露/index.md,關於自我揭露,False,/blog/病痛經驗/關於自我揭露/,病痛經驗,蟹足腫病痛,/blog/日常書寫/20221114關於自我揭露/,身體與自己,初步映射，未逐篇定案,/blog/病痛經驗/關於自我揭露/
content/blog/素描/01盲畫/index.md,素描01：盲畫,False,/blog/素描/01盲畫/,日常書寫,素描,/blog/素描/素描1/,生活與實作,初步映射，未逐篇定案,/blog/素描/01盲畫/
content/blog/素描/02負形/index.md,素描02：負形,False,/blog/素描/02負形/,日常書寫,素描,/blog/素描/素描2/,生活與實作,初步映射，未逐篇定案,/blog/素描/02負形/
content/blog/素描/03繼續負形/index.md,素描03：Still負形,False,/blog/素描/03繼續負形/,日常書寫,素描 | 正念的河流,/blog/素描/素描3/,生活與實作,初步映射，未逐篇定案,/blog/素描/03繼續負形/
content/blog/素描/04立體感是一種深度的錯覺/index.md,素描04：立體感是一種深度的錯覺,False,/blog/素描/04立體感是一種深度的錯覺/,日常書寫,素描,/blog/素描/素描4/,生活與實作,初步映射，未逐篇定案,/blog/素描/04立體感是一種深度的錯覺/
content/blog/素描/05亮暗面、光影、色階/index.md,素描05：亮暗面、光影、色階,False,/blog/素描/05亮暗面光影色階/,日常書寫,素描,/blog/素描/素描5/,生活與實作,初步映射，未逐篇定案,/blog/素描/05亮暗面光影色階/
content/blog/素描/06繼續光影、色階/index.md,素描06：Still光影、色階,False,/blog/素描/06繼續光影色階/,日常書寫,素描,/blog/素描/素描6/,生活與實作,初步映射，未逐篇定案,/blog/素描/06繼續光影色階/
content/blog/素描/07形準、比例感、切圓術/index.md,素描07：形準、比例感、切圓術,False,/blog/素描/07形準比例感切圓術/,日常書寫,素描,/blog/素描/素描7/,生活與實作,初步映射，未逐篇定案,/blog/素描/07形準比例感切圓術/
content/blog/素描/08透視、塞尚、矩形/index.md,素描08：透視、塞尚、矩形,False,/blog/素描/08透視塞尚矩形/,日常書寫,素描,/blog/素描/素描8/,生活與實作,初步映射，未逐篇定案,/blog/素描/08透視塞尚矩形/
content/blog/素描/09捏陶的素描/index.md,素描09：成型素描、土的素描、雕塑的素描,False,/blog/素描/09捏陶的素描/,日常書寫,素描,/blog/素描/素描9/,生活與實作,初步映射，未逐篇定案,/blog/素描/09捏陶的素描/
content/blog/素描/10編織的素描/index.md,素描10：排線、調子、線條作為語法,False,/blog/素描/10編織的素描/,日常書寫,素描,/blog/素描/素描10/,生活與實作,初步映射，未逐篇定案,/blog/素描/10編織的素描/
content/blog/素描/11補捉場景/index.md,素描11：場景、參考線、定位點,False,/blog/素描/11補捉場景/,日常書寫,素描,/blog/素描/素描11/,生活與實作,初步映射，未逐篇定案,/blog/素描/11補捉場景/
content/blog/素描/12人臉/index.md,素描12：人臉,False,/blog/素描/12人臉/,日常書寫,素描,/blog/素描/素描12/,生活與實作,初步映射，未逐篇定案,/blog/素描/12人臉/
content/blog/素描/13實在感/index.md,素描13：實在感,False,/blog/素描/13實在感/,日常書寫,素描,/blog/素描/素描入門二1/,生活與實作,初步映射，未逐篇定案,/blog/素描/13實在感/
content/blog/聆聽疼痛計畫/00撿拾疼痛的碎片/index.md,聆聽疼痛計畫｜撿拾疼痛的碎片,False,/blog/聆聽疼痛計畫/00撿拾疼痛的碎片/,病痛經驗,聆聽疼痛計畫,/blog/聆聽疼痛計畫/聆聽疼痛計畫撿拾疼痛的碎片/,身體與自己,初步映射，未逐篇定案,/blog/聆聽疼痛計畫/00撿拾疼痛的碎片/
content/blog/聆聽疼痛計畫/01近況分享/index.md,聆聽疼痛計畫｜近況分享,False,/blog/聆聽疼痛計畫/01近況分享/,病痛經驗,聆聽疼痛計畫,,身體與自己,初步映射，未逐篇定案,/blog/聆聽疼痛計畫/01近況分享/
content/blog/聆聽疼痛計畫/02成果發表/index.md,聆聽疼痛計畫｜成果發表,False,/blog/聆聽疼痛計畫/02成果發表/,病痛經驗,聆聽疼痛計畫,/blog/聆聽疼痛計畫/聆聽疼痛計畫成果發表/,身體與自己,初步映射，未逐篇定案,/blog/聆聽疼痛計畫/02成果發表/
content/blog/聆聽疼痛計畫/03僵直性脊椎炎/index.md,聆聽疼痛計畫｜僵直性脊椎炎,False,/blog/聆聽疼痛計畫/03僵直性脊椎炎/,病痛經驗,聆聽疼痛計畫,/blog/聆聽疼痛計畫/聆聽疼痛計畫僵直性脊椎炎/,身體與自己,初步映射，未逐篇定案,/blog/聆聽疼痛計畫/03僵直性脊椎炎/
content/blog/聆聽疼痛計畫/04未知疼痛/index.md,聆聽疼痛計畫｜未知疼痛,False,/blog/聆聽疼痛計畫/04未知疼痛/,病痛經驗,聆聽疼痛計畫,/blog/聆聽疼痛計畫/未知疼痛/,身體與自己,初步映射，未逐篇定案,/blog/聆聽疼痛計畫/04未知疼痛/
content/blog/聆聽疼痛計畫/05生理期疼痛/index.md,聆聽疼痛計畫｜生理期疼痛,False,/blog/聆聽疼痛計畫/05生理期疼痛/,病痛經驗,聆聽疼痛計畫,/blog/聆聽疼痛計畫/生理期疼痛/,身體與自己,初步映射，未逐篇定案,/blog/聆聽疼痛計畫/05生理期疼痛/
content/blog/聆聽疼痛計畫/06貝西氏症/index.md,聆聽疼痛計畫｜貝西氏症,False,/blog/聆聽疼痛計畫/06貝西氏症/,病痛經驗,聆聽疼痛計畫,/blog/聆聽疼痛計畫/聆聽疼痛計畫貝西氏症/,身體與自己,初步映射，未逐篇定案,/blog/聆聽疼痛計畫/06貝西氏症/
content/blog/聆聽疼痛計畫/07腰部肌肉纖維化/index.md,聆聽疼痛計畫｜腰部肌肉纖維化,False,/blog/聆聽疼痛計畫/07腰部肌肉纖維化/,病痛經驗,聆聽疼痛計畫,/blog/聆聽疼痛計畫/聆聽疼痛計畫腰部肌肉纖維化/,身體與自己,初步映射，未逐篇定案,/blog/聆聽疼痛計畫/07腰部肌肉纖維化/
content/blog/聆聽疼痛計畫/08胃痛/index.md,聆聽疼痛計畫｜胃痛,False,/blog/聆聽疼痛計畫/08胃痛/,病痛經驗,聆聽疼痛計畫,/blog/聆聽疼痛計畫/聆聽疼痛計畫胃痛/,身體與自己,初步映射，未逐篇定案,/blog/聆聽疼痛計畫/08胃痛/
content/blog/聆聽疼痛計畫/09腕隧道症候群/index.md,聆聽疼痛計畫｜腕隧道症候群,False,/blog/聆聽疼痛計畫/09腕隧道症候群/,病痛經驗,聆聽疼痛計畫,/blog/聆聽疼痛計畫/聆聽疼痛計畫腕隧道症候群/,身體與自己,初步映射，未逐篇定案,/blog/聆聽疼痛計畫/09腕隧道症候群/
content/blog/聆聽疼痛計畫/10心臟瓣膜疼痛/index.md,聆聽疼痛計畫｜心臟瓣膜疼痛,False,/blog/聆聽疼痛計畫/10心臟瓣膜疼痛/,病痛經驗,聆聽疼痛計畫,/blog/聆聽疼痛計畫/心臟瓣膜疼痛/,身體與自己,初步映射，未逐篇定案,/blog/聆聽疼痛計畫/10心臟瓣膜疼痛/
content/blog/聆聽疼痛計畫/11自傷疼痛/index.md,聆聽疼痛計畫｜自傷疼痛,False,/blog/聆聽疼痛計畫/11自傷疼痛/,病痛經驗,聆聽疼痛計畫,/blog/聆聽疼痛計畫/自傷疼痛/ | /blog/聆聽疼痛計畫/聆聽疼痛計畫自傷疼痛/,身體與自己,初步映射，未逐篇定案,/blog/聆聽疼痛計畫/11自傷疼痛/
content/blog/詩的語言/不是一個善於擁抱/我不是一個善於擁抱的人20231007.md,我不是一個善於擁抱的人,True,/blog/詩的語言/不是一個善於擁抱/我不是一個善於擁抱的人20231007/,病痛經驗,詩的語言,,身體與自己,初步映射，未逐篇定案,/blog/詩的語言/不是一個善於擁抱/我不是一個善於擁抱的人20231007/
content/blog/詩的語言/保持距離/20230924.md,20230924,True,/blog/詩的語言/保持距離/20230924/,病痛經驗,詩的語言,,身體與自己,初步映射，未逐篇定案,/blog/詩的語言/保持距離/20230924/
content/blog/詩的語言/隨時保持靠海的距離很重要20210930/隨時保持靠海的距離很重要20210930.md,,True,/blog/詩的語言/隨時保持靠海的距離很重要20210930/隨時保持靠海的距離很重要20210930/,病痛經驗,詩的語言,,身體與自己,初步映射，未逐篇定案,/blog/詩的語言/隨時保持靠海的距離很重要20210930/隨時保持靠海的距離很重要20210930/
content/blog/講座筆記/建制民族誌逐字稿整理/index.md,講座筆記｜2021政大質性研究工作坊：建制民族誌（王增勇老師）逐字稿整理,False,/blog/講座筆記/建制民族誌逐字稿整理/,閱讀與筆記,講座筆記 | 建制民族誌 | 講座,/blog/工作坊筆記/建制民族誌/ | /blog/講座筆記/講座筆記2021政大質性研究工作坊建制民族誌王增勇老師逐字稿整理/,閱讀與觀看,初步映射，未逐篇定案,/blog/講座筆記/建制民族誌逐字稿整理/
content/blog/講座筆記/待人一條相互映照之路/index.md,待人：一條相互映照之路,False,/blog/講座筆記/待人一條相互映照之路/,閱讀與筆記,講座筆記 | 講座,/blog/講座筆記/20181220待人一條相互映之路/,閱讀與觀看,初步映射，未逐篇定案,/blog/講座筆記/待人一條相互映照之路/
content/blog/講座筆記/用音樂做運動/index.md,用音樂做運動,False,/blog/講座筆記/用音樂做運動/,閱讀與筆記,講座筆記 | 講座,/blog/講座筆記/20190303用音樂做運動/,閱讀與觀看,初步映射，未逐篇定案,/blog/講座筆記/用音樂做運動/
content/blog/講座筆記/般若心經短講/index.md,紀金慶老師｜《般若心經》短講｜逐字稿,False,/blog/講座筆記/般若心經短講/,閱讀與筆記,講座筆記 | 講座,/blog/講座筆記/20211221般若心經短講/,閱讀與觀看,初步映射，未逐篇定案,/blog/講座筆記/般若心經短講/
content/blog/開放式對話/人們用行動在對話/index.md,行動科學到開放式對話：人們用行動在對話,False,/blog/開放式對話/人們用行動在對話/,助人工作,開放式對話,/blog/開放式對話/行動科學到開放式對話人們用行動在對話/,助人工作,初步映射，未逐篇定案,/blog/開放式對話/人們用行動在對話/
content/blog/開放式對話/內在透明化/index.md,促進對話的方法：內在透明化,False,/blog/開放式對話/內在透明化/,助人工作,開放式對話,/blog/開放式對話/促進對話的方法內在透明化/,助人工作,初步映射，未逐篇定案,/blog/開放式對話/內在透明化/
content/blog/開放式對話/對話本身就是行動/index.md,對話本身就是行動,False,/blog/開放式對話/對話本身就是行動/,助人工作,開放式對話,,助人工作,初步映射，未逐篇定案,/blog/開放式對話/對話本身就是行動/
content/blog/開放式對話/肯認每一種聲音的存在/index.md,開放式對話：肯認每一種聲音的存在,False,/blog/開放式對話/肯認每一種聲音的存在/,助人工作,開放式對話 | 講座心得,/blog/工作坊心得/開放式對話肯認每一種聲音的存在/ | /blog/生活反思與心得/開放式對話肯認每一種聲音的存在/ | /blog/開放式對話/開放式對話肯認每一種聲音的存在/,助人工作,初步映射，未逐篇定案,/blog/開放式對話/肯認每一種聲音的存在/
content/blog/開放式對話/課後筆記01/index.md,開放式對話（Open Dialogue）課後筆記Part1,False,/blog/開放式對話/課後筆記01/,助人工作,講座筆記 | 開放式對話,/blog/開放式對話/開放式對話_課後筆記part1/,助人工作,初步映射，未逐篇定案,/blog/開放式對話/課後筆記01/
content/blog/開放式對話/課後筆記02/index.md,開放式對話（Open Dialogue）課後筆記Part2,False,/blog/開放式對話/課後筆記02/,助人工作,開放式對話 | 講座筆記,/blog/開放式對話/開放式對話_課後筆記part2/,助人工作,初步映射，未逐篇定案,/blog/開放式對話/課後筆記02/
content/blog/開放式對話/進階工作坊01/index.md,開放式對話進階工作坊Day1,False,/blog/開放式對話/進階工作坊01/,助人工作,開放式對話 | 講座筆記,/blog/開放式對話/開放式對話進階工作坊_day1/,助人工作,初步映射，未逐篇定案,/blog/開放式對話/進階工作坊01/
content/blog/開放式對話/進階工作坊02/index.md,開放式對話進階工作坊Day 2,False,/blog/開放式對話/進階工作坊02/,助人工作,開放式對話 | 講座筆記,/blog/開放式對話/開放式對話進階工作坊_day2/,助人工作,初步映射，未逐篇定案,/blog/開放式對話/進階工作坊02/
content/blog/閱讀心得/修身與齊家/index.md,閱讀心得｜《修身與齊家》：誠者自成也,False,/blog/閱讀心得/修身與齊家/,閱讀與筆記,閱讀心得,/blog/閱讀心得/修身與齊家/,閱讀與觀看,初步映射，未逐篇定案,/blog/閱讀心得/修身與齊家/
content/blog/閱讀心得/凝視太陽/index.md,閱讀心得｜《凝視太陽》：死亡恐懼的背後是勇氣,False,/blog/閱讀心得/凝視太陽/,閱讀與筆記,閱讀心得,/blog/閱讀心得/凝視太陽/,閱讀與觀看,初步映射，未逐篇定案,/blog/閱讀心得/凝視太陽/
content/blog/閱讀心得/到達彼岸的智慧/index.md,閱讀心得｜一行禪師講《心經》：到達彼岸的智慧,False,/blog/閱讀心得/到達彼岸的智慧/,閱讀與筆記,閱讀心得 | 一行禪師 | 正念的河流,/blog/閱讀心得/心經/,閱讀與觀看,初步映射，未逐篇定案,/blog/閱讀心得/到達彼岸的智慧/
content/blog/閱讀心得/割腕的誘惑/index.md,閱讀心得｜《割腕的誘惑：停止自我傷害》,False,/blog/閱讀心得/割腕的誘惑/,閱讀與筆記,閱讀心得,/blog/閱讀心得/割腕的誘惑停止自我傷害/ | /blog/閱讀心得/割腕的誘惑/,閱讀與觀看,初步映射，未逐篇定案,/blog/閱讀心得/割腕的誘惑/
content/blog/閱讀心得/危殆生活/index.md,閱讀心得｜《危殆生活》：豐而危殆的連帶,False,/blog/閱讀心得/危殆生活/,閱讀與筆記,閱讀心得,/blog/閱讀心得/危殆生活/,閱讀與觀看,初步映射，未逐篇定案,/blog/閱讀心得/危殆生活/
content/blog/閱讀心得/圖騰與禁忌/index.md,閱讀心得｜《圖騰與禁忌》,False,/blog/閱讀心得/圖騰與禁忌/,閱讀與筆記,閱讀心得,/blog/閱讀心得/圖騰與禁忌/,閱讀與觀看,初步映射，未逐篇定案,/blog/閱讀心得/圖騰與禁忌/
content/blog/閱讀心得/失控的正向思考/index.md,閱讀心得｜《失控的正向思考》,False,/blog/閱讀心得/失控的正向思考/,閱讀與筆記,閱讀心得,/blog/閱讀心得/失控的正向思考/,閱讀與觀看,初步映射，未逐篇定案,/blog/閱讀心得/失控的正向思考/
content/blog/閱讀心得/家庭會傷人/index.md,閱讀心得｜《家庭會傷人》：自我哀悼與自我解殖,False,/blog/閱讀心得/家庭會傷人/,閱讀與筆記,閱讀心得 | 家族治療,/blog/閱讀心得/家庭會傷人自我哀悼與自我解殖/ | /blog/閱讀心得/家庭會傷人-自我哀悼與自我解殖/ | /blog/閱讀心得/家庭會傷人/,閱讀與觀看,初步映射，未逐篇定案,/blog/閱讀心得/家庭會傷人/
content/blog/閱讀心得/尋找復原力/index.md,閱讀心得｜《尋找復原力》：人有重新創造的能力,False,/blog/閱讀心得/尋找復原力/,閱讀與筆記,閱讀心得 | 創傷知情,/blog/閱讀心得/尋找復原力/,閱讀與觀看,初步映射，未逐篇定案,/blog/閱讀心得/尋找復原力/
content/blog/閱讀心得/成為一個人/index.md,閱讀心得｜《成為一個人》：人生是不斷解殖自己、成為自己的過程,False,/blog/閱讀心得/成為一個人/,閱讀與筆記,閱讀心得 | 成為一個人,/blog/閱讀心得/成為一個人/ | /blog/成為一個人/閱讀心得成為一個人人生是不斷解殖自己成為自己的過程/,閱讀與觀看,初步映射，未逐篇定案,/blog/閱讀心得/成為一個人/
content/blog/閱讀心得/打從心底/index.md,閱讀心得｜《打從心底》,False,/blog/閱讀心得/打從心底/,閱讀與筆記,閱讀心得,/blog/閱讀心得/打從心底/,閱讀與觀看,初步映射，未逐篇定案,/blog/閱讀心得/打從心底/
content/blog/閱讀心得/找回家庭的療癒力/index.md,閱讀心得｜《找回家庭的療癒力：多世代家族治療》,False,/blog/閱讀心得/找回家庭的療癒力/,閱讀與筆記,閱讀心得 | 家族治療,/blog/生活反思與心得/找回家庭的療癒力多世代家族治療/ | /blog/閱讀心得/找回家庭的療癒力-多世代家族治療/,閱讀與觀看,初步映射，未逐篇定案,/blog/閱讀心得/找回家庭的療癒力/
content/blog/閱讀心得/擁抱陰影/index.md,閱讀心得｜《擁抱陰影》：從對立走向相對,False,/blog/閱讀心得/擁抱陰影/,閱讀與筆記,閱讀心得,/blog/閱讀心得/擁抱陰影/,閱讀與觀看,初步映射，未逐篇定案,/blog/閱讀心得/擁抱陰影/
content/blog/閱讀心得/正念生活的藝術/index.md,閱讀心得｜《正念生活的藝術》,False,/blog/閱讀心得/正念生活的藝術/,閱讀與筆記,閱讀心得 | 一行禪師 | 正念的河流,/blog/閱讀心得/正念生活的藝術/,閱讀與觀看,初步映射，未逐篇定案,/blog/閱讀心得/正念生活的藝術/
content/blog/閱讀心得/水母與搖滾/index.md,閱讀心得｜《水母與搖滾—字花十年選詩歌卷》,False,/blog/閱讀心得/水母與搖滾/,閱讀與筆記,閱讀心得,/blog/閱讀心得/水母與搖滾/,閱讀與觀看,初步映射，未逐篇定案,/blog/閱讀心得/水母與搖滾/
content/blog/閱讀心得/沒用的東西/index.md,閱讀心得｜《沒用的東西》,False,/blog/閱讀心得/沒用的東西/,閱讀與筆記,閱讀心得,/blog/閱讀心得/沒用的東西/,閱讀與觀看,初步映射，未逐篇定案,/blog/閱讀心得/沒用的東西/
content/blog/閱讀心得/為何建制民族誌如此強大/index.md,閱讀心得｜《為何建制民族誌如此強大》：從體制中解殖的方法,False,/blog/閱讀心得/為何建制民族誌如此強大/,閱讀與筆記,閱讀心得 | 建制民族誌,/blog/閱讀心得/建制民族誌/,閱讀與觀看,初步映射，未逐篇定案,/blog/閱讀心得/為何建制民族誌如此強大/
content/blog/閱讀心得/無痛思維/index.md,閱讀心得｜《無痛思維》,False,/blog/閱讀心得/無痛思維/,閱讀與筆記,閱讀心得 | 聆聽疼痛,/blog/閱讀心得/無痛思維/,閱讀與觀看,初步映射，未逐篇定案,/blog/閱讀心得/無痛思維/
content/blog/閱讀心得/現象學十四講/index.md,閱讀心得｜《現象學十四講》,False,/blog/閱讀心得/現象學十四講/,閱讀與筆記,閱讀心得 | 現象學,/blog/閱讀心得/現象學十四講/,閱讀與觀看,初步映射，未逐篇定案,/blog/閱讀心得/現象學十四講/
content/blog/閱讀心得/病從所願/index.md,閱讀心得｜《病從所願》,False,/blog/閱讀心得/病從所願/,閱讀與筆記,閱讀心得,/blog/閱讀心得/病從所願/,閱讀與觀看,初步映射，未逐篇定案,/blog/閱讀心得/病從所願/
content/blog/閱讀心得/聆聽疼痛/index.md,閱讀心得｜《聆聽疼痛》,False,/blog/閱讀心得/聆聽疼痛/,閱讀與筆記,閱讀心得 | 聆聽疼痛,/blog/閱讀心得/聆聽疼痛/,閱讀與觀看,初步映射，未逐篇定案,/blog/閱讀心得/聆聽疼痛/
content/blog/閱讀心得/英雄之旅/index.md,閱讀心得｜《英雄之旅》：個體化找回自己的碎片,False,/blog/閱讀心得/英雄之旅/,閱讀與筆記,閱讀心得,/blog/閱讀心得/英雄之旅/ | /blog/閱讀心得/閱讀心得英雄之旅個體化找回自己的碎片/,閱讀與觀看,初步映射，未逐篇定案,/blog/閱讀心得/英雄之旅/
content/blog/閱讀心得/見佛殺佛/index.md,閱讀心得｜《見佛殺佛》,False,/blog/閱讀心得/見佛殺佛/,閱讀與筆記,閱讀心得 | 一行禪師 | 正念的河流,/blog/閱讀心得/見佛殺佛/,閱讀與觀看,初步映射，未逐篇定案,/blog/閱讀心得/見佛殺佛/
content/blog/閱讀心得/討厭的人都跌倒吧/index.md,閱讀心得｜《討厭的人都跌倒吧》,False,/blog/閱讀心得/討厭的人都跌倒吧/,閱讀與筆記,閱讀心得,/blog/閱讀心得/討厭的人都跌倒吧/,閱讀與觀看,初步映射，未逐篇定案,/blog/閱讀心得/討厭的人都跌倒吧/
content/blog/閱讀心得/跟一棵樹聊天/index.md,閱讀心得｜《跟一棵樹聊天，聽他的人生哲學：溝通師的37堂植物療癒通心課》,False,/blog/閱讀心得/跟一棵樹聊天/,閱讀與筆記,閱讀心得,/blog/閱讀心得/跟一棵樹聊天/,閱讀與觀看,初步映射，未逐篇定案,/blog/閱讀心得/跟一棵樹聊天/
content/blog/閱讀心得/追逐尖叫/index.md,閱讀心得｜《追逐尖叫》：如果有人愛你，你就有了機會,False,/blog/閱讀心得/追逐尖叫/,閱讀與筆記,閱讀心得,/blog/閱讀心得/追逐尖叫/,閱讀與觀看,初步映射，未逐篇定案,/blog/閱讀心得/追逐尖叫/
content/blog/閱讀心得/障礙政治/index.md,閱讀心得｜《障礙政治》,False,/blog/閱讀心得/障礙政治/,閱讀與筆記,閱讀心得 | 障礙政治,,閱讀與觀看,初步映射，未逐篇定案,/blog/閱讀心得/障礙政治/
content/blog/電影心得/AV帝王/index.md,《AV帝王》：一個自我實現的故事,False,/blog/電影心得/av帝王/,閱讀與筆記,電影心得 | 電影,,閱讀與觀看,初步映射，未逐篇定案,/blog/電影心得/av帝王/
content/blog/電影心得/你我的解放相同/index.md,《令人討厭的松子的一生》＆《綠洲》｜電影心得,False,/blog/電影心得/你我的解放相同/,閱讀與筆記,電影心得 | 電影,/blog/電影心得/令人討厭的松子的一生綠洲/,閱讀與觀看,初步映射，未逐篇定案,/blog/電影心得/你我的解放相同/
content/blog/電影心得/創傷的智慧/index.md,《創傷的智慧The Wisdom of Trauma》,False,/blog/電影心得/創傷的智慧/,閱讀與筆記,電影心得 | 創傷知情 | 電影,,閱讀與觀看,初步映射，未逐篇定案,/blog/電影心得/創傷的智慧/
content/blog/電影心得/千年女優/index.md,《千年女優》,False,/blog/電影心得/千年女優/,閱讀與筆記,電影心得 | 電影,/blog/電影心得/千年女優觀後感/,閱讀與觀看,初步映射，未逐篇定案,/blog/電影心得/千年女優/
content/blog/電影心得/午夜福音E1/index.md,《午夜福音》E1：純粹的意識,False,/blog/電影心得/午夜福音e1/,閱讀與筆記,電影心得 | 午夜福音 | 正念的河流 | 電影,,閱讀與觀看,初步映射，未逐篇定案,/blog/電影心得/午夜福音e1/
content/blog/電影心得/午夜福音E3/index.md,《午夜福音》E3,False,/blog/電影心得/午夜福音e3/,閱讀與筆記,電影心得 | 午夜福音 | 正念的河流 | 電影,,閱讀與觀看,初步映射，未逐篇定案,/blog/電影心得/午夜福音e3/
content/blog/電影心得/午夜福音E4/index.md,《午夜福音》E4:聆聽是一種呼吸,False,/blog/電影心得/午夜福音e4/,閱讀與筆記,電影心得 | 午夜福音 | 正念的河流 | 電影,,閱讀與觀看,初步映射，未逐篇定案,/blog/電影心得/午夜福音e4/
content/blog/電影心得/午夜福音E5/index.md,《午夜福音》E5,False,/blog/電影心得/午夜福音e5/,閱讀與筆記,電影心得 | 午夜福音 | 電影,,閱讀與觀看,初步映射，未逐篇定案,/blog/電影心得/午夜福音e5/
content/blog/電影心得/午夜福音E6/index.md,《午夜福音》EP6,False,/blog/電影心得/午夜福音e6/,閱讀與筆記,電影心得 | 午夜福音 | 電影,,閱讀與觀看,初步映射，未逐篇定案,/blog/電影心得/午夜福音e6/
content/blog/電影心得/嘻哈是化痛苦為力量反擊的語言/index.md,《Rhythm+Flow》：嘻哈是化痛苦為力量反擊的語言,False,/blog/電影心得/嘻哈是化痛苦為力量反擊的語言/,閱讀與筆記,電影心得 | 電影,/blog/電影心得/rhythm-+-flow/,閱讀與觀看,初步映射，未逐篇定案,/blog/電影心得/嘻哈是化痛苦為力量反擊的語言/
content/blog/電影心得/夏日大作戰/index.md,《夏日大作戰》｜電影心得,False,/blog/電影心得/夏日大作戰/,閱讀與筆記,電影心得,,閱讀與觀看,初步映射，未逐篇定案,/blog/電影心得/夏日大作戰/
content/blog/電影心得/妄想代理人/index.md,《妄想代理人》：受苦與幻想相應而生,False,/blog/電影心得/妄想代理人/,閱讀與筆記,電影心得 | 電影,,閱讀與觀看,初步映射，未逐篇定案,/blog/電影心得/妄想代理人/
content/blog/電影心得/媽的多重宇宙01/index.md,《媽的多重宇宙 EEAAO》01,False,/blog/電影心得/媽的多重宇宙01/,閱讀與筆記,電影心得 | 媽的多重宇宙 | 電影,/blog/電影心得/eeaao/,閱讀與觀看,初步映射，未逐篇定案,/blog/電影心得/媽的多重宇宙01/
content/blog/電影心得/媽的多重宇宙02/index.md,《媽的多重宇宙》：無常的意義是無限可能；縱身躍下便是愛,False,/blog/電影心得/媽的多重宇宙02/,閱讀與筆記,電影心得 | 媽的多重宇宙 | 電影,/blog/電影心得/eeaao2/,閱讀與觀看,初步映射，未逐篇定案,/blog/電影心得/媽的多重宇宙02/
content/blog/電影心得/性愛自修室/index.md,《性愛自修室 Sex Education》,False,/blog/電影心得/性愛自修室/,閱讀與筆記,電影心得 | 電影,,閱讀與觀看,初步映射，未逐篇定案,/blog/電影心得/性愛自修室/
content/blog/電影心得/橫山家之味/index.md,《橫山家之味 Still Walking》,False,/blog/電影心得/橫山家之味/,閱讀與筆記,電影心得 | 是枝裕和 | 電影,,閱讀與觀看,初步映射，未逐篇定案,/blog/電影心得/橫山家之味/
content/blog/電影心得/母子情劫/index.md,《母子情劫》：愛媽媽難道是很糟糕的事嗎？,False,/blog/電影心得/母子情劫/,閱讀與筆記,電影心得 | 電影,,閱讀與觀看,初步映射，未逐篇定案,/blog/電影心得/母子情劫/
content/blog/電影心得/比海還深/index.md,《比海還深》：失敗男性背後的溫柔,False,/blog/電影心得/比海還深/,閱讀與筆記,電影心得 | 是枝裕和 | 電影,,閱讀與觀看,初步映射，未逐篇定案,/blog/電影心得/比海還深/
content/blog/電影心得/河畔小日子/index.md,《河畔小日子》｜電影心得,False,/blog/電影心得/河畔小日子/,閱讀與筆記,電影心得 | 電影,,閱讀與觀看,初步映射，未逐篇定案,/blog/電影心得/河畔小日子/
content/blog/電影心得/流麻溝十五號/index.md,《流麻溝十五號》,False,/blog/電影心得/流麻溝十五號/,閱讀與筆記,電影心得 | 電影,,閱讀與觀看,初步映射，未逐篇定案,/blog/電影心得/流麻溝十五號/
content/blog/電影心得/無人知曉的夏日清晨/index.md,《無人知曉的夏日清晨 Nobody knows》,False,/blog/電影心得/無人知曉的夏日清晨/,閱讀與筆記,電影心得 | 是枝裕和 | 電影,,閱讀與觀看,初步映射，未逐篇定案,/blog/電影心得/無人知曉的夏日清晨/
content/blog/電影心得/無人能怪罪才是最痛苦的/index.md,《橫山家之味》:無人能怪罪才是最痛苦的,False,/blog/電影心得/無人能怪罪才是最痛苦的/,閱讀與筆記,電影心得 | 是枝裕和 | 電影,,閱讀與觀看,初步映射，未逐篇定案,/blog/電影心得/無人能怪罪才是最痛苦的/
content/blog/電影心得/無恥之徒/index.md,美劇《無恥之徒 Shameless》心得：人人都是無恥之徒,False,/blog/電影心得/無恥之徒/,閱讀與筆記,電影心得 | 無恥之徒 | Shamless | 電影,/blog/電影心得/美劇無恥之徒-shameless觀後感人人都是無恥之徒/,閱讀與觀看,初步映射，未逐篇定案,/blog/電影心得/無恥之徒/
content/blog/電影心得/瑪莉娜的512小時/index.md,《瑪莉娜的512小時》,False,/blog/電影心得/瑪莉娜的512小時/,閱讀與筆記,電影心得 | 正念的河流 | 電影,,閱讀與觀看,初步映射，未逐篇定案,/blog/電影心得/瑪莉娜的512小時/
content/blog/電影心得/神隱少女/index.md,《神隱少女》｜電影心得,False,/blog/電影心得/神隱少女/,閱讀與筆記,電影心得 | 電影,,閱讀與觀看,初步映射，未逐篇定案,/blog/電影心得/神隱少女/
content/blog/電影心得/紐約大國民珍雅各/index.md,《紐約大國民：珍雅各》Citizen Jane: Battle for the City,False,/blog/電影心得/紐約大國民珍雅各/,閱讀與筆記,電影心得 | 電影,,閱讀與觀看,初步映射，未逐篇定案,/blog/電影心得/紐約大國民珍雅各/
content/blog/電影心得/綠洲/index.md,《綠洲》電影心得,False,/blog/電影心得/綠洲/,閱讀與筆記,電影心得,,閱讀與觀看,初步映射，未逐篇定案,/blog/電影心得/綠洲/
content/blog/電影心得/艾格妮撿風景01/index.md,《艾格妮撿風景 The Gleaner and I》01,False,/blog/電影心得/艾格妮撿風景01/,閱讀與筆記,電影心得 | 艾格妮撿風景 | 電影,/blog/電影心得/艾格妮撿風景/,閱讀與觀看,初步映射，未逐篇定案,/blog/電影心得/艾格妮撿風景01/
content/blog/電影心得/艾格妮撿風景02/index.md,《艾格妮撿風景 The Gleaner and I》02,False,/blog/電影心得/艾格妮撿風景02/,閱讀與筆記,電影心得 | 艾格妮撿風景 | 電影,/blog/電影心得/艾格妮撿風景-the-gleaner-and-i/,閱讀與觀看,初步映射，未逐篇定案,/blog/電影心得/艾格妮撿風景02/
content/blog/電影心得/范保德/index.md,《范保德》：所有未來的故事都隱藏在過去,False,/blog/電影心得/范保德/,閱讀與筆記,電影心得 | 電影,/blog/范保德所有未來的故事都隱藏在過去裡/ | /blog/電影心得/范保德所有未來的故事都隱藏在過去裡/,閱讀與觀看,初步映射，未逐篇定案,/blog/電影心得/范保德/
content/blog/電影心得/鄰家兄弟/index.md,《鄰家兄弟 Paddleton》電影心得,False,/blog/電影心得/鄰家兄弟/,閱讀與筆記,電影心得 | 電影,,閱讀與觀看,初步映射，未逐篇定案,/blog/電影心得/鄰家兄弟/
content/blog/電影心得/阿鼻/index.md,《阿鼻》,False,/blog/電影心得/阿鼻/,閱讀與筆記,電影,,閱讀與觀看,初步映射，未逐篇定案,/blog/電影心得/阿鼻/
content/clubhouse/會所實習/01初入會所的觀察/index.md,會所實習01_初入會所的觀察,False,/clubhouse/會所實習/01初入會所的觀察/,助人工作,會所實習 | 會所模式,,助人工作,初步映射，未逐篇定案,/clubhouse/會所實習/01初入會所的觀察/
content/clubhouse/會所實習/02幻聽與疼痛是不可見的受苦/index.md,會所實習02_幻聽與疼痛是不可見的受苦,False,/clubhouse/會所實習/02幻聽與疼痛是不可見的受苦/,助人工作,會所實習 | 會所模式,,助人工作,初步映射，未逐篇定案,/clubhouse/會所實習/02幻聽與疼痛是不可見的受苦/
content/clubhouse/會所實習/03期中實習結束/index.md,會所實習03_期中實習結束,False,/clubhouse/會所實習/03期中實習結束/,助人工作,會所實習 | 會所模式,,助人工作,初步映射，未逐篇定案,/clubhouse/會所實習/03期中實習結束/
content/clubhouse/會所實習/04承認無知、真誠表達與夥伴關係/index.md,會所實習04_承認無知、真誠表達與夥伴關係,False,/clubhouse/會所實習/04承認無知真誠表達與夥伴關係/,助人工作,會所模式 | 會所實習,,助人工作,初步映射，未逐篇定案,/clubhouse/會所實習/04承認無知真誠表達與夥伴關係/
content/clubhouse/會所實習/05與會員H訂計畫/index.md,會所實習05_與會員H訂計畫,False,/clubhouse/會所實習/05與會員h訂計畫/,助人工作,會所實習 | 會所模式,,助人工作,初步映射，未逐篇定案,/clubhouse/會所實習/05與會員h訂計畫/
content/clubhouse/會所實習/06如實/index.md,會所實習06_如實,False,/clubhouse/會所實習/06如實/,助人工作,會所實習 | 會所模式 | 成為一個人,,助人工作,初步映射，未逐篇定案,/clubhouse/會所實習/06如實/
content/clubhouse/會所實習/07實習總報告/index.md,會所實習07_實習總報告,False,/clubhouse/會所實習/07實習總報告/,助人工作,會所實習 | 會所模式,,助人工作,初步映射，未逐篇定案,/clubhouse/會所實習/07實習總報告/
content/clubhouse/會所工作手冊/01慾望、驅力、動力/index.md,會所工作手冊01_慾望、驅力、動力,False,/clubhouse/會所工作手冊/01慾望驅力動力/,助人工作,會所工作手冊 | 會所模式,,助人工作,初步映射，未逐篇定案,/clubhouse/會所工作手冊/01慾望驅力動力/
content/clubhouse/會所工作手冊/02為自己做決定即是成為自己/index.md,會所工作手冊02_為自己做決定即是成為自己,False,/clubhouse/會所工作手冊/02為自己做決定即是成為自己/,助人工作,會所工作手冊 | 會所模式 | 成為一個人,,助人工作,初步映射，未逐篇定案,/clubhouse/會所工作手冊/02為自己做決定即是成為自己/
content/clubhouse/會所工作手冊/03負面教材/index.md,會所工作手冊03_負面教材,True,/clubhouse/會所工作手冊/03負面教材/,助人工作,會所工作手冊 | 會所模式,,助人工作,初步映射，未逐篇定案,/clubhouse/會所工作手冊/03負面教材/
content/clubhouse/會所工作手冊/04以靜制動/index.md,會所工作手冊04_以靜制動,False,/clubhouse/會所工作手冊/04以靜制動/,助人工作,會所工作手冊 | 會所模式,,助人工作,初步映射，未逐篇定案,/clubhouse/會所工作手冊/04以靜制動/
content/clubhouse/會所工作手冊/05忍不住、氣不過、沉住氣/index.md,會所工作手冊05_沉住氣的重要,False,/clubhouse/會所工作手冊/05忍不住氣不過沉住氣/,助人工作,會所工作手冊 | 會所模式,,助人工作,初步映射，未逐篇定案,/clubhouse/會所工作手冊/05忍不住氣不過沉住氣/
content/clubhouse/會所工作日誌/01工作一個月/index.md,會所工作日誌01_工作一個月,False,/clubhouse/會所工作日誌/01工作一個月/,助人工作,會所工作日誌 | 會所模式,,助人工作,初步映射，未逐篇定案,/clubhouse/會所工作日誌/01工作一個月/
content/clubhouse/會所工作日誌/02緊握垃圾的力道/index.md,會所工作日誌02_緊握垃圾的力道,False,/clubhouse/會所工作日誌/02緊握垃圾的力道/,助人工作,會所工作日誌 | 會所模式,,助人工作,初步映射，未逐篇定案,/clubhouse/會所工作日誌/02緊握垃圾的力道/
content/clubhouse/會所工作日誌/03回顧會員F來會所的學習/index.md,會所工作日誌03_回顧會員F來會所的學習,False,/clubhouse/會所工作日誌/03回顧會員f來會所的學習/,助人工作,會所模式 | 會所工作日誌,,助人工作,初步映射，未逐篇定案,/clubhouse/會所工作日誌/03回顧會員f來會所的學習/
content/clubhouse/會所工作日誌/04就業前準備/index.md,會所工作日誌04_就業前準備,False,/clubhouse/會所工作日誌/04就業前準備/,助人工作,會所工作日誌 | 會所模式,,助人工作,初步映射，未逐篇定案,/clubhouse/會所工作日誌/04就業前準備/
content/clubhouse/會所工作日誌/05兩週就業訓練反思/index.md,會所工作日誌05_就業訓練反思,False,/clubhouse/會所工作日誌/05兩週就業訓練反思/,助人工作,會所模式 | 會所工作日誌,,助人工作,初步映射，未逐篇定案,/clubhouse/會所工作日誌/05兩週就業訓練反思/
content/clubhouse/會所工作日誌/06複雜用藥下改變如何發生/index.md,會所工作日誌06_複雜用藥下，改變如何發生??,False,/clubhouse/會所工作日誌/06複雜用藥下改變如何發生/,助人工作,會所模式 | 會所工作日誌,,助人工作,初步映射，未逐篇定案,/clubhouse/會所工作日誌/06複雜用藥下改變如何發生/
content/clubhouse/會所工作日誌/07白板溝通/index.md,會所工作日誌07_白板溝通,False,/clubhouse/會所工作日誌/07白板溝通/,助人工作,會所模式 | 會所工作日誌,,助人工作,初步映射，未逐篇定案,/clubhouse/會所工作日誌/07白板溝通/
content/clubhouse/會所工作日誌/08推動會員帶開會與導覽部門/index.md,會所工作日誌08_推動會員帶開會與導覽部門,False,/clubhouse/會所工作日誌/08推動會員帶開會與導覽部門/,助人工作,會所模式 | 會所工作日誌,,助人工作,初步映射，未逐篇定案,/clubhouse/會所工作日誌/08推動會員帶開會與導覽部門/
content/clubhouse/會所工作日誌/09不敢說借過的會員/index.md,會所工作日誌09_不敢說借過的會員,False,/clubhouse/會所工作日誌/09不敢說借過的會員/,助人工作,會所模式 | 會所工作日誌,,助人工作,初步映射，未逐篇定案,/clubhouse/會所工作日誌/09不敢說借過的會員/
content/clubhouse/會所工作日誌/10料理是行動、是對話/index.md,會所工作日誌10_料理是行動、是對話,False,/clubhouse/會所工作日誌/10料理是行動是對話/,助人工作,會所模式 | 會所工作日誌,,助人工作,初步映射，未逐篇定案,/clubhouse/會所工作日誌/10料理是行動是對話/
content/clubhouse/會所工作日誌/11敘事的見證/index.md,會所工作日誌11_敘事的見證,False,/clubhouse/會所工作日誌/11敘事的見證/,助人工作,會所模式 | 會所工作日誌,,助人工作,初步映射，未逐篇定案,/clubhouse/會所工作日誌/11敘事的見證/
content/clubhouse/會所工作日誌/12餐飲部當然不只是料理/index.md,會所工作日誌12_餐飲部當然不只是料理,False,/clubhouse/會所工作日誌/12餐飲部當然不只是料理/,助人工作,會所模式 | 會所工作日誌,,助人工作,初步映射，未逐篇定案,/clubhouse/會所工作日誌/12餐飲部當然不只是料理/
content/clubhouse/會所工作日誌/13初次社區宣導/index.md,會所工作日誌13_初次社區宣導,False,/clubhouse/會所工作日誌/13初次社區宣導/,助人工作,會所模式 | 會所工作日誌,,助人工作,初步映射，未逐篇定案,/clubhouse/會所工作日誌/13初次社區宣導/
content/clubhouse/會所工作日誌/14強迫症的意義/index.md,會所工作日誌14_強迫症、重複檢查的意義、安全感,False,/clubhouse/會所工作日誌/14強迫症的意義/,助人工作,會所模式 | 會所工作日誌,,助人工作,初步映射，未逐篇定案,/clubhouse/會所工作日誌/14強迫症的意義/
content/clubhouse/會所工作日誌/15認真回應會員動力/index.md,會所工作日誌15_認真回應會員動力,False,/clubhouse/會所工作日誌/15認真回應會員動力/,助人工作,會所模式 | 會所工作日誌,,助人工作,初步映射，未逐篇定案,/clubhouse/會所工作日誌/15認真回應會員動力/
content/clubhouse/會所工作日誌/16你想要什麼樣的支持/index.md,會所工作日誌16_你想要什麼樣的支持,False,/clubhouse/會所工作日誌/16你想要什麼樣的支持/,助人工作,會所模式 | 會所工作日誌,,助人工作,初步映射，未逐篇定案,/clubhouse/會所工作日誌/16你想要什麼樣的支持/
content/clubhouse/會所工作日誌/17將言語視為符號/index.md,會所工作手冊,False,/clubhouse/會所工作日誌/17將言語視為符號/,助人工作,會所模式 | 會所工作日誌,,助人工作,初步映射，未逐篇定案,/clubhouse/會所工作日誌/17將言語視為符號/
content/clubhouse/會所工作日誌/18保持真誠好奇/index.md,會所工作日誌18_保持真誠好奇、找出盲點、默默推進,False,/clubhouse/會所工作日誌/18保持真誠好奇/,助人工作,會所模式 | 會所工作日誌,,助人工作,初步映射，未逐篇定案,/clubhouse/會所工作日誌/18保持真誠好奇/
content/clubhouse/會所工作日誌/19身心狀態留下的痕跡/index.md,會所工作日誌19_身心狀態留下的痕跡,False,/clubhouse/會所工作日誌/19身心狀態留下的痕跡/,助人工作,會所模式 | 會所工作日誌,,助人工作,初步映射，未逐篇定案,/clubhouse/會所工作日誌/19身心狀態留下的痕跡/
